uuid,weight,sex,age,edu,region,age_band,occupation,Q14,Q15,Q16,Q17,Q18,Q19,Q20,Q21,Q22,Q23,Q24,Q25,Q26,Q27,Q28,Q29,Q29_1,Q29_2,Q30
d1d8688f7eb14c0aab38bf5e2e0958ca,0.7610,남성,19,고졸 이하,전북,19-29,무직,2,4>3,3,5>5>5,4>4>4,5>5>5,3,5,2,13>2>1,51>29>34,58>57>56,13>51>29,1,4,1,15,0,"요즘 인공지능 기술이 발전하면서 딥페이크를 이용한 보이스피싱이나 사이버 테러가 점점 정교해져서, 이게 사회적 혼란을 일으킬 수 있는 잠재적 위험요인이 될 것 같습니다. 또한 기후 변화로 인해 우리 지역 같은 산간 도시에 예측 불가능한 집중호우가 쏟아져 산사태가 발생하는 것도 걱정됩니다."
7b529bb92eb24f2fa7226b8226bfbbd3,0.6261,여성,33,대학교 졸업,충북,30-39,무직,2,2>3,3,5>5>5,4>4>4,5>5>5,3,4,2,1>2>13,27>34>29,57>68>58,27>34>13,1,4,1,15,0,"기후 변화로 인한 집중호우나 산불이 예년보다 잦아지고 있는데, 고령자가 많은 우리 지역 특성상 재난 발생 시 신속한 대피가 어려운 점이 가장 우려됩니다. 또한 농촌 지역의 경우 재난 알림이 도착하더라도 스마트폰 활용에 익숙하지 않은 어르신들이 정보를 제때 확인하지 못할 위험도 크다고 생각합니다."
ba4d7d095f6a4592841e362649465a01,1.6703,여성,34,대학교 졸업,경기,30-39,무직,2,3>4,3,5>4>4,3>3>3,4>4>4,3,4,2,1>2>9,27>29>34,56>57>58,27>1>29,1,3,1,15,,"기후 변화로 인해 예측하기 어려운 폭우나 무더위가 점점 심해지고 있어서, 이에 대비하는 것이 중요하다고 생각합니다. 또한 부모님과 함께 살다 보니 고령자들을 대상으로 한 스미싱이나 보이스피싱 같은 사이버 범죄도 새로운 재난 위험요인이라고 느껴집니다."
ee7dac68492048f6875577da736a2348,0.3847,여성,45,고졸 이하,대전,40-49,상품 기획자,3,3>2,3,5>5>5,4>4>4,5>5>5,3,5,2,1>2>9,27>34>29,56>57>68,27>1>34,1,3,2,0,8,"급격한 AI 기술 발전으로 인한 디지털 범죄과 가짜 정보의 확산이 사회적 혼란을 일으킬 수 있는 잠재적 위험요인이라고 생각합니다. 또한 저처럼 아이와 부모님을 모시는 가구가 많은데, 고령화 사회로 접어들며 돌봄 공백과 안전사고 위험이 점점 커질 것 같아요."
0e00cf0a85d64c6b934a47d72cb41e01,0.6112,여성,39,대학교 졸업,광주,30-39,보육교사,2,3>2,3,5>5>5,4>4>4,5>5>5,3,4,2,1>9>2,27>29>34,56>57>60,27>1>29,1,4,1,4,,"지구 온난화로 인한 폭염이나 집중호우 같은 이상 기후가 어린 아이들의 건강과 일상에 미치는 영향, 그리고 아직 백신이나 치료제가 없는 새로운 종류의 감염병이 잠재적 위험요인이라고 생각합니다."
f3b18a937d89497bb92852f6851b6a48,0.7796,남성,29,대학원 졸업,대전,19-29,영업 관리 사무원,4,3>4,4,5>5>4,4>4>3,5>5>5,3,4,2,14>13>2,34>46>51,56>63>57,34>46>14,1,4,1,4,,"대전은 계획도시로 개발되었지만, 노후화된 아파트와 시설물이 늘어나면서 이에 대한 안전 관리가 시급한 잠재적 위험요인이라고 생각합니다. 또한, 스마트시티 기술이 확산되면서 도시 기반 시설에 대한 사이버 테러나 전산망 마비 같은 새로운 형태의 위험도 대비해야 할 것입니다."
ba1bb5057bed44c9925daf9819620d82,1.1101,남성,39,대학교 졸업,대구,30-39,반려동물 훈련사,2,3>2,3,5>5>5,4>4>3,5>5>5,3,4,2,9>2>14,34>29>51,56>57>58,34>29>9,1,3,2,,2,"기후 변화로 인한 폭염과 집중호우가 점점 심해져서, 반려동물과 어린 자녀가 위험에 처할까 봐 걱정됩니다. 또한 최근 급증하는 이륜차 배달 사고도 우리 동네에서 심각한 잠재적 위험 요인이라고 생각합니다."
b204516110d149169968e7cadf2190aa,1.7663,남성,64,대학원 졸업,경기,60-69,화학제품 생산 관리자,4,2>3,4,5>5>5,4>4>4,5>5>5,3,5,2,2>10>1,38>35>47,63>57>56,38>2>63,1,3,2,,1,"노후화된 공장 설비와 아파트 배관 등 사회 기반 시설의 관리 부재로 인한 사고 위험이 점차 커지고 있어 우려됩니다. 또한, 최근 에너지 절약을 위해 도입되는 각종 스마트 관리 시스템에 대한 사이버 보안 위협도 잠재적인 위험요인이라고 생각합니다."
b18611f83c2647e8a45d0b3659e0c008,0.8471,남성,61,고졸 이하,충남,60-69,하역 및 적재 관련 단순 종사원,1,2>1,3,5>5>5,4>4>4,5>5>5,3,4,2,2>1>9,34>29>27,63>58>57,63>2>34,1,4,1,15,0,요즘 날씨가 너무 덥거나 비가 갑자기 쏟아지는 게 무섭습니다. 그리고 공장이나 산에서 불이 나면 동네가 다 탈까 봐 겁나고요.
011fc37a573d44c281e42da27ce13b77,0.5240,남성,40,대학원 졸업,광주,40-49,비행기 조종사,4,3>5,3,5>5>5,4>4>4,5>5>5,3,5,1,1>13>2,32>51>29,56>57>61,32>1>13,1,4,1,4,,기후변화로 인한 국지성 호우나 돌발 기상 변화가 항공 운항과 도시 배수 시스템에 미치는 영향이 우려되므로 이에 대한 정밀한 예측 기술이 필요합니다. 또한 거주지인 노후화된 연립주택의 가스 및 전기 설비 사고를 예방하기 위해 IoT 기반의 실시간 감시 시스템 보급도 중요하다고 생각합니다.
1ab1fc84a8be466ba7f04ad689397ca2,1.8362,남성,30,대학교 졸업,경기,30-39,화학물 증류기 및 반응기 조작원,2,3>4,3,4>4>4,3>3>3,4>4>4,2,3,2,1>2>9,38>34>35,63>57>56,38>27>34,1,4,1,3,,"요즘 공장 기계들이 다 컴퓨터로 제어되는데, 사이버 테러나 전산망 마비 같은 일이 터지면 정말 큰일 날 것 같아요. 그리고 예전 같지 않게 날씨 급변하는 게 자주 있어서, 갑자기 쏟아지는 비나 폭염 같은 것도 미리 대비가 필요하다고 생각합니다."
25e9976290b7447faaf8bb03628e51d7,1.8155,남성,47,고졸 이하,경기,40-49,회계 사무원,2,2>3,3,5>5>5,4>4>4,5>5>5,3,4,2,1>2>9,34>29>27,56>57>58,1>34>29,1,3,2,0,7,최근 기후 변화로 인해 예측하기 힘든 태풍과 폭우가 자주 발생하고 있어 이에 대한 대비가 시급하다고 생각합니다. 또한 거주 지역의 노후화된 건축물과 시설들에서 발생할 수 있는 화재나 가스 사고도 잠재적인 위험 요인이라고 봅니다.
fe7b3ee78c5e40058213e268aba6f6f1,0.6041,여성,19,고졸 이하,충북,19-29,무직,2,4>3,3,4>4>4,3>3>3,4>4>4,3,4,2,2>14>9,27>34>29,56>57>67,27>2>14,1,3,2,0,1,"요즘 인공지능 기술이 발전하면서 딥페이크나 보이스피싱 같은 범죄가 늘어나고 있는데, 이런 디지털 기술을 악용한 사회재난이 점점 더 위험해지는 것 같습니다. 그리고 갑작스러운 기상 이변으로 인한 집중호우도 예측하기 힘들어서 걱정됩니다."
a4b16251dce74400b8669a1c99e3d12a,0.8341,여성,38,대학교 졸업,충남,30-39,경리 사무원,2,3>2,3,5>5>5,4>4>4,5>5>5,3,4,2,2>1>9,27>34>29,57>62>60,2>27>34,1,4,1,15,,"최근 기후 변화로 인해 예측 불가능한 태풍과 홍수가 자주 발생하고 있어, 이로 인한 농작물 피해와 주거 침수가 가장 큰 잠재적 위험요인이라고 생각합니다. 또한, 고령화 사회로 접어들면서 독거노인이나 어린이를 대상으로 한 안전사고가 증가하고 있어 이에 대한 선제적인 관리도 필요하다고 봅니다."
b30aa489209d4301bcac593a40930105,0.4514,남성,52,고졸 이하,제주,50-59,시설 경비원,2,2>3,3,4>4>4,4>4>4,4>4>4,4,4,1,1>13>2,34>27>29,56>57>58,1>34>27,1,3,2,0,1,요즘 날씨가 너무 변덕스러워져서 예전보다 더 강한 태풍이나 갑작스러운 폭우가 내리면 큰일이 날 것 같습니다. 또 저처럼 혼자 사는 사람이 많은 낡은 다세대주택에서 전기나 가스로 인한 화재가 발생하면 속수무책일 것 같아 걱정됩니다.
52028679a27643cfb7512c84a4772942,1.5626,남성,26,대학교 졸업,서울,19-29,산업 안전원,3,3>4,3,5>5>4,4>4>4,5>5>4,3,5,2,3>1>9,34>46>29,63>57>56,63>34>3,1,3,1,12,0,기후변화로 인한 도시 내 폭염과 열대야가 건설 현장 등 옥외 근로자의 건강을 직접적으로 위협하는 재난이 될 것이라 생각합니다. 또한 인구 고령화와 맞물려 고령 운전자에 의한 교통사고나 거주지 내 안전사고 위험도 점점 커지고 있는 것 같습니다.
ed03abf878cd46a9abe708f551ebecd7,0.6007,여성,42,고졸 이하,울산,40-49,무직,2,4>2,3,4>4>4,3>3>3,4>4>4,3,4,2,1>9>2,27>34>29,56>57>60,27>1>34,1,3,2,,9,요즘 인공지능을 이용한 보이스피싱이나 딥페이크 같은 범죄가 너무 많아져서 걱정입니다. 또 울산처럼 공장이 많은 곳은 갑작스러운 화학 물질 누출 사고에 대한 대비도 항상 철저히 해야 할 것 같아요.
56c4ea57268b4e71b363da3bd8d808bc,1.3971,남성,28,고졸 이하,인천,19-29,무직,2,3>4,3,4>4>4,3>3>3,3>3>3,2,4,2,1>2>9,27>34>29,56>57>58,27>1>34,1,4,1,3,,요즘 스마트폰으로 하는 보이스피싱이나 해킹 같은 사이버 범죄가 기술이 발전할수록 더 교묘해져서 큰 위협인 것 같습니다. 그리고 갑자기 덮치는 무더위나 장마 때문에 건강을 잃거나 침수되는 일도 걱정돼요.
06dbaec02e084a64a46105137fa8f3b7,0.6625,남성,37,대학교 졸업,전북,30-39,무직,2,4>3,3,4>4>4,3>3>3,4>4>3,2,4,2,1>2>13,34>35>29,56>57>63,34>1>56,1,3,2,0,8,제가 사는 오래된 아파트는 내진 설계가 미흡해서 지진이나 큰 비가 올 때 무너질까 봐 항상 불안합니다. 또한 가스관이나 배선 등 노후된 설비로 인한 화재 사고가 언제든 터질 수 있는 잠재적인 시한폭탄 같다고 생각합니다.
ff01d88cbb3c45eba3ca9a3dce544d95,1.6841,여성,42,대학교 졸업,서울,40-49,무직,2,3>4,3,5>5>5,4>4>4,5>5>5,3,5,2,13>1>9,27>34>51,58>56>67,27>13>34,1,3,2,,3,최근 기후 변화로 인해 북한산 등산 시 예측하기 힘든 국지성 호우나 돌발 산사태의 위험이 커지고 있다고 느낍니다. 또한 일상 속에서 눈에 잘 보이지 않는 유해 화학 물질이나 미세 플라스틱 같은 환경적 요인이 장기적으로 건강에 미칠 영향도 재난 수준으로 관리되어야 한다고 생각합니다.
59cd9aba604a400ea5b1774b1b5f7eae,0.5873,남성,33,대학교 졸업,부산,30-39,청소년 지도사,2,3>4,3,4>5>4,3>4>4,4>5>4,3,4,2,1>2>9,27>34>29,56>59>58,1>27>34,1,4,1,3,0,"인공지능 기술의 발달로 인한 딥페이크 등 디지털 성범죄가 청소년들에게 심각한 위협이 되고 있어, 이를 사회적 재난 차원에서 관리할 필요가 있다고 느낍니다. 또한 기후변화로 인해 예측하기 힘든 국지성 호우나 폭염이 빈번해지고 있어 이에 대한 대비도 시급합니다."
d3c8f8d04bbf4b4dbaf32da9b0e32926,1.1544,여성,65,고졸 이하,인천,60-69,무직,2,2>4,3,5>5>5,3>3>3,5>5>5,3,4,2,1>2>9,27>34>51,56>57>68,27>1>51,1,3,2,0,8,"요즘 스마트폰을 이용한 보이스피싱이나 AI 기술을 활용한 새로운 사기 수법이 늘어나서, 우리 같은 어르신들이 당하기 쉬워 위험해요. 그리고 기후 변화로 인한 예측 불가능한 폭염이나 집중호우도 자꾸 반복되니 이것도 큰 위험요인 같습니다."
bb8e2554cb02418693955ee112ce4f47,0.4420,여성,32,대학교 졸업,대전,30-39,보험 사무원,2,3>4,3,5>5>5,4>4>3,5>5>5,3,5,2,2>9>1,27>34>29,56>57>64,27>34>2,1,3,2,,8,"요즘 날씨가 너무 이상해서 갑자기 쏟아지는 비로 인해 우리 동네 골목이나 아이가 다니는 학교 주변이 침수될까 봐 걱정돼요. 그리고 보험 사무원으로 일하면서 보니, 온라인상의 보이스피싱이나 해킹 같은 디지털 재난도 점점 더 교묘해져서 일반 사람들이 당하기 쉬운 것 같아 위험하게 느껴집니다."
d17516bfe9004760b3b96bdba077a753,1.1175,여성,42,대학원 졸업,부산,40-49,공학·제조 및 건설 분야 교수,4,3>5,3,5>5>5,4>4>4,5>5>5,2,5,3,1>2>9,34>51>46,63>56>57,63>34>1,1,4,1,4,0,"급변하는 기후 환경 속에서 기존 인프라를 견디지 못하는 도시형 재난과, 스마트 팩토리 등 고도화된 산업 현장에서 발생할 수 있는 사이버 물리 공격 등 신유형의 기술적 위험 요인들이 잠재적으로 큰 위협이 될 수 있다고 생각합니다."
216392f650bb4646a24a3c7d5a90a0aa,0.8368,여성,32,대학교 졸업,경북,30-39,무직,2,2>3,3,4>4>4,3>3>3,4>4>4,3,4,2,14>1>2,27>34>40,57>56>61,14>27>34,1,3,2,,3,"지구온난화로 인한 이상 기후로 갑작스러운 태풍이나 홍수 피해가 걱정되고, 요즘은 스마트폰을 많이 사용하다 보니 가정주부나 어르신들을 대상으로 한 보이스피싱 같은 디지털 범죄도 위험한 요인이라고 생각합니다."
422f3bc7748949bc915dc49acd9c1c66,1.8155,남성,46,대학교 졸업,경기,40-49,사무 보조원,2,2>3,3,4>4>4,3>3>3,4>4>4,2,3,2,13>1>2,35>38>34,63>56>57,13>35>63,1,3,2,,1,최근 날씨가 이상해서 여름철에 장마가 오면 동네 저지대가 침수되거나 산사태가 날까 봐 걱정됩니다. 그리고 공장 기계들이 점점 낡아가는데 가스가 새거나 고장 나서 사고가 나지 않을까 하는 불안도 듭니다.
36c37579b2a1414183399e4fafe9b82b,0.6779,여성,60,고졸 이하,강원,60-69,무직,2,2>1,3,4>4>5,3>3>4,5>5>5,2,4,2,1>2>21,27>34>29,56>57>58,1>27>34,1,3,2,,1,요즘 날씨가 변덕스러워져서 바닷가에 큰 파도가 덮치거나 무더위가 너무 심해져서 건강 관리가 힘들어질까 봐 걱정됩니다. 그리고 우리처럼 낡은 아파트에서는 가스나 전기 사고 같은 생활 속 위험도 더 조심해야 할 것 같아요.
e79557fdd96c484e96db780ac60337a5,1.7593,여성,22,대학교 졸업,서울,19-29,그 외 음료 조리사,2,4>3,3,4>5>5,4>4>4,4>4>5,3,4,2,2>9>13,34>27>29,56>57>64,34>27>2,1,4,1,4,,"최근 기후 변화로 인해 예측하기 힘든 국지성 호우나 폭염 같은 이상 기후 현상이 점점 잦아지고 있어서 이를 새로운 잠재적 위험요인으로 생각합니다. 또한 일상생활에서 빼놓을 수 없는 인공지능이나 IT 기술의 오작동, 혹은 그로 인한 사이버 보안 문제도 앞으로 중요한 위험 요소가 될 것 같아요."
27b596b36369440eb35d36fc07507ed1,1.9614,여성,49,대학교 졸업,경기,40-49,시각장애인 특수교육 교사,3,3>2,3,5>5>5,4>4>4,5>5>5,2,5,2,2>9>13,27>34>29,56>57>64,27>2>34,1,3,2,0,7,"급격한 고령화와 기후 변화로 인한 집중호우가 예상됨에도 불구하고, 거주지 주변의 배수 시설이나 노후화된 지하 공간에 대한 안전 점검이 부족하다고 느껴집니다. 또한, 디지털 기술 발달에 따라 시각장애인 등 장애인들이 재난 상황에서 재난 정보를 제때 접하지 못해 대피하지 못하는 '정보의 소외' 문제도 큰 잠재적 위험요인이라고 생각합니다."
6e70a462900e4edeaa018c68f4df605c,0.5767,여성,20,대학교 졸업,전남,19-29,지게차 운전원,2,3>2,3,5>5>5,4>4>4,5>5>5,4,4,2,1>2>13,34>35>27,63>56>57,1>63>34,1,4,1,15,0,"최근 기후 변화로 인해 태풍이나 폭우 같은 자연재난의 강도가 점점 더 세지고 예측하기 힘들어지는 것 같아 걱정됩니다. 그리고 AI 기술이 발전하면서 보이스피싱이나 딥페이크 같은 범죄가 일상생활의 큰 위협이 되고 있는데, 이런 부분도 재난으로 관리가 필요하다고 느낍니다."
a0bf11c4acc44a27bea66ba1498111f5,0.9399,남성,57,대학원 졸업,인천,50-59,기업 고위 임원,4,3>2,3,5>5>5,4>4>4,5>5>5,3,5,2,1>2>14,51>50>27,56>57>58,51>50>1,1,3,2,,1,고령화와 디지털 기술의 발전으로 인해 AI 기반의 보이스피싱이나 사이버 테러 같은 새로운 형태의 사회재난이 증가할 것입니다. 또한 노후화된 도시 기반시설과 기후 변화에 따른 국지적 호우로 인한 지반 침하 같은 도시형 재난도 정부가 선제적으로 관리해야 할 잠재적 위험요인입니다.
916d3554fb504222aa3ada9697d35828,1.7663,남성,61,고졸 이하,경기,60-69,건물 경비원,2,2>3,3,5>5>5,3>3>3,4>4>4,3,4,2,1>2>9,34>35>29,56>57>68,34>56>1,1,3,2,,12,요즘 날씨가 예전 같지 않아서 장마철에 갑자기 쏟아지는 폭우로 인한 침수나 산사태가 항상 걱정됩니다. 그리고 우리 아파트처럼 지어진 지 오래된 단지들은 노후된 전기나 가스 설비로 인한 화재 사고도 잠재적인 위험요인이라고 생각합니다.
6ce8bd5295f24fb7a8e4749da9ca72b9,0.3847,여성,45,고졸 이하,대전,40-49,무직,2,2>3,3,5>5>5,4>4>4,5>5>5,3,5,2,1>2>9,27>34>29,56>57>60,27>34>1,1,3,2,,8,"날씨가 점점 이상해져서 태풍이나 폭우 같은 게 예전보다 더 위험해질 것 같고, 요즘 핸드폰으로 하루 종일 뉴스를 보니 AI 딥페이크 같은 기술을 악용한 사기 범죄도 재난급으로 관리가 필요해 보입니다."
ca01ddb750ae4c4ca7a058616f6e93f6,1.5143,남성,63,고졸 이하,서울,60-69,무직,2,2>4,3,5>5>5,4>4>4,5>5>5,3,4,2,1>2>9,34>29>27,56>57>68,34>1>2,1,3,2,0,8,"요즘 스마트폰을 이용한 보이스피싱이나 금융 사기 같은 디지털 범죄가 너무 교묘해져서 일반인이 당하기 쉬운 잠재적 위험이라고 생각합니다. 또한, 나이가 들면서 집 근처 공원이나 산에서 혼자 걷다가 다치거나 응급 상황이 발생했을 때를 대비한 안전 장치가 더 필요하다고 느낍니다."
3be9206b6dff42a290d218c02247f36e,0.4420,여성,34,대학원 졸업,대전,30-39,소규모 상점 경영자,2,3>2,3,5>5>5,4>4>4,5>5>5,3,4,2,1>2>9,34>51>27,56>57>60,34>1>51,1,4,1,4,,"기후 변화로 인한 도심 내 집중호우와 도시 침수가 빈번해지고 있어, 노후화된 지하도와 빗물 펌프장 등 도시 기반 시설에 대한 선제적인 점검이 필요하다고 생각합니다. 또한 비대면 경제가 확대됨에 따라 영세 자영업자나 개인을 겨냥한 고도화된 사이버 금융 사고도 심각한 잠재적 위험요인으로 관리되어야 합니다."
7f8a4bd9ffb5456aa1eda45ee4cfe57a,1.6426,남성,48,고졸 이하,서울,40-49,음식 서비스 종사원,1,2>4,3,5>5>5,3>3>3,4>4>4,3,4,2,1>2>9,27>34>29,57>56>64,34>27>1,1,3,2,,8,요즘 날씨가 이상해서 여름마다 장마가 아닌 갑작스러운 폭우가 쏟아져서 저수지나 둔치가 넘칠까 봐 걱정됩니다. 그리고 저희가 사는 아파트도 건축된 지 오래돼서 가스 배관이나 전기 설비 노후화로 인한 화재 사고도 언제든 터질 수 있는 잠재적 위험인 것 같습니다.
21b3feedf5b6467e89de6960a85aa0ab,1.1815,남성,38,대학교 졸업,서울,30-39,품질 인증 심사 전문가,3,3>5,3,5>5>5,4>4>4,5>5>5,3,5,4,1>14>9,51>50>42,56>63>57,51>1>56,1,3,2,,8,AI 기술의 악용이나 딥페이크와 같은 디지털 기반의 사이버 범죄가 실물 안전을 위협하는 잠재적 위험요인이라고 생각합니다. 또한 고령화된 도심 인프라에서 인적 실수로 인한 대형 사고를 예방하기 위해 스마트한 관리 기술의 도입이 시급합니다.
9e3629e461294c84b8875173409b03d3,0.2050,여성,55,대학교 졸업,세종,50-59,무직,3,4>2,3,5>5>5,4>4>4,5>5>5,3,5,2,1>2>9,27>34>51,56>57>60,27>34>1,1,4,1,7,,"독거 노인 등 안전 취약 계층을 위한 맞춤형 재난 교육 부재, 그리고 급변하는 기후 환경에 따른 도시 내 생활 안전 사고가 잠재적 위험 요인이라고 생각합니다."
d1705adae51c4dd3aefca20dd23c44b2,0.9048,남성,48,대학교 졸업,경남,40-49,마케팅 전문가,3,4>3,3,5>5>5,4>4>4,5>5>5,2,4,2,1>2>13,34>27>29,56>57>68,1>34>27,1,3,2,0,8,"지역 상권의 노후화로 인한 화재 위험과 고령화 사회에서 재난 대처 능력이 부족한 취약계층의 안전 문제가 큽니다. 또한, 최근 기후 변화로 인한 예측 불가능한 집중호우나 폭염 같은 기상 이변도 잠재적 위험으로 관리되어야 합니다."
7a0b226726fa425b9915449f39c3be09,1.8362,남성,30,대학교 졸업,경기,30-39,사무 보조원,2,3>4,3,5>5>5,4>4>4,5>5>5,2,5,2,1>2>3,34>29>51,56>57>58,34>1>29,1,3,2,0,8,"최근 기술이 발전하면서 보이스피싱이나 해킹 같은 사이버 범죄가 더 정교해지고 있어서, 개인정보 유출로 인한 금전 피해가 잠재적 위험요인이라고 생각합니다. 또한 기후 변화로 인한 폭염이나 집중호우가 해마다 심해지고 있어서, 이로 인한 건강 문제나 주거 침수도 걱정되는 부분입니다."
8b826691637240b186db07bcc5b30af7,0.6014,여성,37,대학교 졸업,전북,30-39,그 외 교육 전문가,3,3>2,3,5>5>5,4>4>4,5>5>5,3,4,2,1>21>2,27>29>34,57>56>59,1>27>34,1,3,2,0,1,"급격한 기후 변화로 인한 이상 기후가 일상생활과 건강에 미칠 영향, 그리고 고령화 사회로 진입함에 따른 돌봄 공백이나 의료 안전 사고 같은 사회적 위험 요인이 잠재적으로 크다고 생각합니다."
efdd37721833492c8c4e5284033e7d3e,0.5354,여성,39,대학원 졸업,강원,30-39,그 외 제품 디자이너,3,3>4,3,4>4>5,3>3>4,4>4>5,3,4,2,2>3>13,34>27>42,57>60>56,2>34>27,1,4,1,7,,"기후변화로 인한 기이 기상이 잦아지면서, 산악 지형의 특성상 집중호우에 따른 산사태와 소하천 범람이 우려됩니다. 또한 고령화된 주거 환경에서 발생할 수 있는 생활 내 안전사고도 예의주시해야 할 잠재적 위험요인이라고 생각합니다."
df901f2ec50641b39defdc04d71b4716,0.8396,여성,41,고졸 이하,인천,40-49,그 외 돌봄 및 보건 서비스 종사원,2,2>3,3,4>4>5,3>3>4,4>5>5,3,4,2,1>2>9,27>34>29,56>57>68,27>34>1,1,3,2,0,8,요즘 핸드폰으로 하는 보이스피싱이나 AI 기술을 악용한 사기가 점점 정교해져서 일반인들이 속쉽게 당하는 게 위험합니다. 그리고 갑자기 변하는 날씨 때문에 예상치 못한 사고도 걱정됩니다.
b171293a65fb4f66864744e5917111b7,0.5847,여성,39,고졸 이하,전남,30-39,건물 청소원,1,2>4,3,4>4>5,3>3>4,4>4>5,3,4,2,1>2>9,34>27>29,56>57>60,34>1>27,1,3,2,,8,우리 동네는 오래된 건물이 많고 골목이 좁아서 화재가 나면 대피하기 힘들지 않을까 하는 걱정이 항상 듭니다. 또한 요즘은 예전처럼 날씨 예측이 잘 안 되는 것 같아서 갑자기 쏟아지는 비나 폭염 같은 기상재해도 더 위험하게 느껴집니다.
3c56739b7f8b469aac1e57eca5555978,0.9048,남성,46,고졸 이하,경남,40-49,그 외 기계 조작원,2,2>3,3,5>5>5,4>4>4,4>5>4,3,4,2,2>3>1,34>29>35,63>56>57,34>63>2,1,4,2,,1,오래된 건물이나 지하 설비들이 많아지는데 이를 관리할 기술이나 예산이 부족하면 대형 사고로 이어질 수 있는 위험이 있다고 생각합니다. 또 요즘처럼 예측하기 힘든 기상 이변도 큰 위험 요인인 것 같습니다.
8de68bd83b7f4af1a2e361fe01b691c7,0.8368,여성,37,대학교 졸업,경북,30-39,마케팅 전문가,2,2>4,3,5>5>5,4>4>4,5>5>5,3,4,2,14>9>1,27>29>34,56>57>60,14>27>29,1,4,1,4,0,"최근 AI 기술이 발전하면서 보이스피싱이나 딥페이크 같은 사이버 범죄가 점점 정교해지고 있어서, 이에 대한 대비가 시급한 잠재적 위험요인이라고 생각합니다. 또한 기후 변화로 인해 예측하기 힘든 국지성 호우나 폭염 같은 기상 이변도 우리 일상에 큰 위협이 될 것 같습니다."
793874e2810d4d9fa449acbdf155f102,1.1815,남성,34,대학교 졸업,서울,30-39,철도운송 관련 종사원,3,3>2,3,5>5>4,4>4>3,4>5>4,4,5,1,13>2>14,31>29>34,56>57>58,31>34>29,1,3,2,,8,"서울과 같은 대도시의 고밀도 주거 환경과 노후화된 건축물에서 발생할 수 있는 대형 화재 및 붕괴 사고가 우려됩니다. 또한, 기후변화로 인한 집중호우가 도시 배수 시스템을 넘어설 경우 발생하는 침수 피해도 선제적으로 관리해야 할 위험 요인입니다."
210ef1c2c8634448b14a6b08361029ff,1.0752,남성,19,고졸 이하,대구,19-29,무직,2,4>3,3,5>5>5,4>4>4,5>5>5,3,4,2,1>13>9,34>51>29,57>58>56,34>57>51,1,3,2,,8,우리 동네는 낡은 단독주택이 많아서 노후된 배관이나 전기 문제로 가스 폭발이나 화재가 날까 봐 제일 걱정돼요. 그리고 요즘은 스마트폰으로 보이스피싱이나 해킹 같은 사이버 범죄도 많아서 이것도 미리 막아야 할 위험인 것 같아요.
df0e4689489a44269ace2d56132fccba,1.8362,남성,32,대학교 졸업,경기,30-39,지게차 운전원,2,4>2,3,5>5>5,4>4>4,4>4>4,3,4,2,1>2>9,29>34>27,63>56>57,63>29>1,1,4,1,4,0,"미세먼지나 갑자기 유행하는 신종 바이러스 같은 눈에 잘 보이지 않는 위험들이 조금 걱정됩니다. 그리고 일터에서 기계가 점점 많아지는데, 기계가 오작동하거나 고장 났을 때 사람이 빠르게 대처하지 못하면 큰 사고로 이어질 것 같아요."
51e8341e2ace4e83aa3c4bec2c361c3c,0.6560,여성,27,대학원 졸업,인천,19-29,무직,3,3>4,3,5>5>5,4>4>4,5>5>5,3,4,2,1>2>9,27>34>41,56>68>57,27>1>41,1,3,2,0,10,"기후 변화로 인한 이상 기후가 취약계층의 거주 환경과 건강에 미칠 영향, 그리고 고령화 사회에서 재난 발생 시 정보 접근성이 부족한 독거 노인 등 소외된 이들의 안전 사각지대가 심각한 잠재적 위험요인이라고 생각합니다."
2fc45faf924d42f9a15d4d91e8fe3b81,0.2780,여성,39,고졸 이하,제주,30-39,무직,2,2>3,3,5>5>5,4>4>4,5>5>5,3,4,2,1>2>23,27>34>29,56>57>58,1>27>34,1,3,2,,1,"기후 변화로 인해 예측 불가능해진 태풍과 국지성 호우가 제주의 가장 큰 잠재적 위험요인이라고 생각하며, 최근 가정주부들을 겨냥한 보이스피싱 같은 사이버 범죄도 심각한 위협이 되고 있습니다."
04ce917bca254851b70196ba0413e78e,0.6423,여성,26,대학교 졸업,전북,19-29,화장품 판매원,2,4>3,3,5>5>5,4>4>4,5>5>5,2,4,2,1>2>9,27>34>42,56>57>58,27>34>1,1,3,1,4,,기후 변화로 인한 예측 불가능한 폭우와 폭염이 점점 심해지는 것 같아 걱정됩니다. 또한 IT 기술이 발달하면서 딥페이크 같은 디지털 성범죄나 개인정보 유출 같은 새로운 유형의 사회적 위험도 관리가 필요하다고 생각합니다.
65f973e6b8074b70ac1d8b64736d2a4a,1.1214,남성,68,대학교 졸업,인천,60-69,토목 제도사,2,2>3,3,5>5>4,4>4>3,5>4>4,3,4,2,1>13>3,34>29>27,56>57>58,1>34>27,1,3,2,0,12,"내가 사는 오래된 아파트 단지의 노후화로 인한 시설물 사고와, 인구가 밀집한 도심에서 발생할 수 있는 화재나 가스 사고가 잠재적 위험요인이라고 생각합니다. 또한 요즘처럼 예측하기 힘든 국지성 호우나 태풍 같은 기상 변화도 미리 관리해야 할 위험으로 느껴집니다."
f332ce24595141dba85bbe7c2036e08f,0.7067,여성,55,고졸 이하,전북,50-59,무직,2,2>3,3,5>5>5,4>4>4,5>5>5,3,4,2,1>2>9,27>34>29,56>57>68,34>1>27,1,4,1,4,2,미세먼지 같은 환경 오염이 건강에 미치는 영향이 점점 커지는 것 같아 걱정됩니다. 또한 요즘 날씨가 너무 덥거나 추워서 기상 변화로 인한 재난도 더 신경 써야 할 것 같습니다.
67bb66b3df7a44f6911055e4661773e7,1.0627,여성,34,대학교 졸업,서울,30-39,주방 보조원,2,2>3,3,5>5>5,4>4>4,5>5>5,3,5,2,2>9>1,27>34>29,56>57>60,27>2>34,1,2,2,0,8,요즘 날씨가 너무 이상해서 갑자기 쏟아지는 비나 폭염 때문에 큰일 날까 봐 걱정돼요. 그리고 우리 동네가 낡은 골목이라 화재가 나면 소방차가 들어오기도 힘들고 옆 집으로 번질까 봐 무서워요.
185c06357a424e9d8f963b268dd123d8,1.1214,남성,64,대학교 졸업,인천,60-69,무직,2,2>3,3,5>5>5,4>4>4,5>5>5,3,4,1,1>2>9,34>27>29,56>57>58,34>1>27,1,3,2,0,8,요즘 기상이변이 심해져서 갑작스러운 폭우나 태풍 같은 자연재해가 점점 더 위협적으로 느껴집니다. 또한 저희처럼 노후화된 주택가에서는 낡은 건물이나 가스관 등 시설물 노후화로 인한 사고도 큰 위험요인이라고 생각합니다.
a7e814a8ef814109a8e445b8c722a82f,1.6703,여성,38,대학교 졸업,경기,30-39,유치원 교사,2,3>2,3,5>5>5,4>4>4,5>5>5,3,5,4,9>2>1,27>34>29,68>56>57,27>34>9,1,4,1,4,0,"기후변화로 인해 예측이 어려운 국지성 집중호우나 폭염 등 이상기후가 빈번해지고 있어, 이를 대비할 수 있는 기술적 시스템이 필요하다고 생각합니다. 또한 디지털 기술의 발달에 따라 아동 대상의 디지털 성범죄나 AI 기술을 악용한 신종 범죄가 증가하고 있어 이를 사회적 재난 차원에서 관리해야 합니다."
f2174cbe3ed1488085512360713e76a8,0.1912,남성,36,대학교 졸업,제주,30-39,플랜트공학 기술자 및 연구원,2,3>2,3,5>5>5,3>3>4,4>4>4,3,4,2,1>2>13,36>34>27,63>56>57,1>36>63,3,3,2,,1,"급격한 기후 변화로 인해 예측 불가능한 태풍과 호우가 점점 더 위협적으로 변하고 있다고 느껴집니다. 또한, 제주도의 인구 증가와 개발 붐으로 인해 화재 등 시설물 사고에 대한 안전 관리가 더 엄격해져야 한다고 생각합니다."
ccc46a1447f444fda82b6271d0f12820,0.7370,남성,66,대학교 졸업,대전,60-69,"전직 그 외 서비스 관련 단순 종사원, 현재 구직중",2,2>3,3,5>5>4,3>3>3,4>4>4,2,4,2,1>2>13,34>27>29,56>57>60,34>1>2,1,3,2,,8,"급격한 기후 변화로 인한 집중호우와 폭염, 그리고 노후화된 주거지 및 도로 시설에서 발생할 수 있는 구조적 붕괴 사고가 잠재적 위험요인이라고 생각합니다."
d3e670050bf7445aba77c178920c751c,1.6426,남성,40,고졸 이하,서울,40-49,지게차 운전원,2,2>3,3,5>5>5,4>4>4,5>5>5,3,5,2,1>2>9,38>34>29,63>57>56,38>34>63,1,3,2,,9,우리 동네처럼 공장이 빽빽하게 모여 있는 곳은 낡은 시설에서 화학 약품이 새어 나오는 사고가 제일 무섭습니다. 그리고 노후된 다세대 주택이라 전기나 가스 문제로 화재가 발생할까 봐 항상 조심하고 살고 있습니다.
6d06579f11a84607bb76cf6892b19e9e,1.9614,여성,47,대학원 졸업,경기,40-49,무직,2,3>4,3,4>4>4,3>3>3,4>4>4,3,4,2,1>2>13,27>34>39,56>58>67,27>34>39,1,4,1,4,0,"고령화가 진행되는 아파트 단지 내에서의 화재나 승강기 사고 등 생활 밀착형 안전사고, 그리고 재난 발생 시 심리적 고립감을 겪는 1인 가구의 정서적 지원 부재가 잠재적 위험으로 생각됩니다."
5c21d74c190141af92dfe4aa4039b726,0.6911,여성,55,대학교 졸업,전남,50-59,일반 비서,3,2>3,3,4>5>5,3>4>4,4>4>4,2,4,2,1>2>13,27>34>42,62>68>57,1>2>27,1,4,1,15,,최근 기후 변화로 인해 예측하기 힘든 태풍과 호우가 자주 발생하여 우리 지역의 농경지와 주거지에 피해를 줄까 봐 우려됩니다. 또한 농촌의 고령화로 인해 혼자 계신 어르신들이 안전사고에 취약한 점도 새로운 위험요인이라고 생각합니다.
dd4696bbb80944a1b82a1235055b1d63,1.0781,여성,40,대학원 졸업,충남,40-49,무직,4,3>2,3,5>5>5,4>4>4,5>5>5,3,5,2,1>14>2,34>38>41,56>57>60,34>14>1,1,4,1,13,,"아산 탕정 일대 산업 단지의 확장으로 인한 신재생 에너지 및 첨단 제조 공정 관련 사고, 그리고 아파트 단지 내 전기차 충전 시설 증가에 따른 배터리 화재 등이 새로운 잠재적 위험요인으로 관리되어야 한다고 생각합니다."
94185222d4e74cbba5c41bd00c467995,0.8182,남성,46,대학교 졸업,충남,40-49,그 외 기계공학 기술자 및 연구원,3,3>2,3,5>5>4,4>4>3,5>5>4,3,4,2,1>2>9,34>35>29,57>60>56,34>1>35,1,4,1,6,0,"지역 내 고령 인구가 점차 많아지는데, 혼자 사는 어르신들이 화재나 감염병 같은 재난에 취약하지 않을지 걱정됩니다. 또한, 개발된 신도시 지역이라 예상치 못한 지반 침하나 노후화된 시설물 사고도 잠재적 위험으로 관리가 필요하다고 생각합니다."
e2f55e4ae809452b829b3f8ebf3825aa,0.6606,남성,63,고졸 이하,충북,60-69,사무 보조원,2,2>3,3,5>5>5,4>4>4,5>5>5,3,4,2,13>1>2,27>33>51,58>68>62,13>33>27,1,4,1,15,0,"농촌 지역의 급격한 고령화로 인해 독거 노인들이 보이스피싱 같은 사이버 범죄에 취약해지고 있는 점이 우려되며, 기상 이변에 따른 집중호우가 산간 농로와 농가에 미칠 피해도 점점 커지는 것 같습니다."
254e9f86a4fa4b6cbd97f7387fe6955c,1.0752,남성,28,대학교 졸업,대구,19-29,육군 병사,3,3>4,3,5>5>5,4>4>4,5>5>5,3,5,1,13>1>14,46>34>35,63>56>57,46>13>63,1,3,2,,12,"도심 내 노후화된 건축물과 인프라에 대한 정밀한 안전 진단 및 관리 시스템이 부족한 점이 우려됩니다. 또한, 기후 변화로 인한 집중호우 등 예측하기 힘든 기상 이변이 발생했을 때 이를 대비할 도심 침수 방지 시설이 미흡하다고 생각합니다."
40fdb7ea645c472283e188754574bacb,0.8300,남성,53,대학교 졸업,경북,50-59,무직,2,4>2,3,4>4>4,4>4>4,4>4>4,3,4,2,2>13>14,34>27>35,57>58>60,34>2>13,1,4,1,4,0,집이나 시설물이 다 낡아가면서 화재나 무너짐 같은 사고가 더 많이 발생할 것 같습니다. 그리고 요즘 날씨가 너무 변덕스러워서 갑자기 쏟아지는 비나 혹은 폭염 같은 기상 이변도 우리 동네에 큰 위험요인이 될 수 있다고 생각합니다.
6a40a406a33041a2b78043f3d0de16fa,0.9399,남성,54,대학교 졸업,인천,50-59,단조원,2,2>3,3,5>5>5,4>4>4,4>4>5,3,5,2,1>2>9,34>35>38,63>57>56,63>34>1,1,3,2,,8,"공장 안에 있는 낡은 설비들이 갑자기 고장 나거나 가스가 새는 사고가 걱정되고, 요즘처럼 폭염이 심한 날 작업장에서 일하는 사람들이 쓰러지지 않게 도와주는 기술이 필요하다고 봅니다."
42bcdef47b25439fbc61bc7d1740c24d,1.3371,여성,25,대학교 졸업,부산,19-29,무직,2,4>3,3,5>5>4,4>4>3,5>4>4,3,5,2,1>13>2,27>34>29,56>61>57,1>27>34,1,4,2,,1,"딥페이크나 보이스피싱 같은 기술을 악용한 사이버 범죄가 점점 더 정교해져서 일반인이 당하기 쉬울 것 같고, 기후 변화로 인해 예측하지 못한 폭우가 도심에서 홍수를 일으키는 일이 잠재적 위험요인이라고 생각합니다."
f9e777dbd3494772be3881517fe3dd45,1.0627,여성,34,대학원 졸업,서울,30-39,입학 사정관,2,3>4,3,5>5>5,3>3>4,5>5>5,2,4,2,2>9>1,27>40>34,67>56>57,27>2>40,1,3,2,0,3,"급증하는 1인 가구의 사회적 고립과 고독사 문제, 그리고 AI 기술 발달에 따른 딥페이크나 가짜 뉴스 같은 디지털 영역의 재난이 새로운 위협이라고 생각합니다. 특히 개인의 프라이버시를 침해하는 디지털 범죄에 대해서는 현행 법제도로는 대응이 어렵기 때문에 재난 차원에서의 관리가 필요해 보입니다."
9bf1659d081b4456a9af13cfb8826496,0.1062,남성,39,대학원 졸업,세종,30-39,그 외 시각 디자이너,3,3>2,3,5>5>5,4>4>4,5>5>5,3,4,2,14>1>2,27>51>29,56>57>58,27>14>51,1,4,1,1,0,"최근 기후 변화로 인해 기존 설계 기준을 초과하는 국지성 집중호우가 빈번해지고 있어, 신규 계획 도시의 배수 시스템이 감당하지 못할 경우 발생할 도시 침수 피해가 잠재적 위험 요인이라고 생각합니다."
32d782eaeeb845f291172bc5fe6e25eb,1.0887,남성,38,고졸 이하,인천,30-39,전기 용접원,2,4>2,3,5>5>5,4>4>4,5>5>5,3,4,2,1>2>14,34>36>35,63>57>56,34>36>63,1,3,2,0,8,"공장에 자동화 기계가 많이 들어오는데, 고장 나거나 오작동할 때 사람이 직접 제어하기 어려워서 위험합니다. 또한 요즘은 해킹이나 사이버 테러 같은 것들이 실제 생활에 큰 피해를 주는 잠재적 위험이라고 생각합니다."
63160e5cc1e943eb923531f452358bc0,0.6591,남성,36,대학교 졸업,광주,30-39,철도교통 관제사,2,3>2,3,5>5>5,4>4>4,5>5>5,4,5,3,1>2>9,31>29>34,56>57>58,31>1>34,1,3,1,4,0,"급변하는 기후로 인한 예측 불가능한 국지성 호우와 이에 따른 도심 침수 위험, 그리고 철도 등 국가 핵심 인프라에 대한 사이버 테러 공격이 잠재적 위험요인이라고 생각합니다."
1d7d8e1c79744e309299b81e3d027ad6,1.0769,여성,60,고졸 이하,부산,60-69,무직,2,4>2,3,5>4>4,4>3>3,5>4>4,3,4,2,1>13>2,27>34>29,57>68>58,1>27>13,1,3,2,,3,"요즘 스마트폰을 이용한 보이스피싱이나 금융 사기가 너무 기술이 고도화되어 있어서 노인들이 당하기 쉬운 위험요인이라고 생각하고, 갈수록 더워지는 폭염으로 인해 야외 활동을 할 때 열사병에 걸릴 위험도 큰 것 같습니다."
964de88b05184346ab77daf32c39a530,0.4486,남성,64,고졸 이하,광주,60-69,건물 칸막이 설치원,2,2>1,3,5>5>5,4>4>4,5>5>5,3,4,2,2>13>9,34>46>29,63>56>57,34>63>2,1,3,2,,1,요즘 날씨가 워낙 이상해서 여름 폭염이나 장마 때 야외에서 일하는 사람들이 위험한 상황에 처할까 봐 걱정됩니다. 그리고 아파트가 많이 지어지는데 화재가 났을 때 늙은 사람들이나 어린아이들이 계단을 이용해 얼마나 잘 대피할 수 있을지도 항상 마음에 걸립니다.
0f6140563c764b228c4b94b60f6b093a,1.2120,여성,68,고졸 이하,충남,60-69,무직,2,2>4,3,5>5>5,4>4>4,5>5>5,3,5,2,1>2>9,34>27>29,56>68>57,34>1>27,1,4,1,4,,요즘 스마트폰을 많이 쓰는데 보이스피싱 전화가 교묘해서 무서워요. 그리고 여름 날씨가 너무 더워져서 폭염으로 인한 건강 피해도 큰 위험인 것 같아요.
0fa6266be31e4e0f9560facb1f2f27cb,1.8362,남성,36,대학교 졸업,경기,30-39,예약 및 접수 사무원,2,4>2,3,4>4>5,4>3>4,4>4>5,3,5,2,1>2>9,27>34>29,56>57>64,27>34>29,1,3,2,,8,최근 AI 기술이 발전하면서 보이스피싱이나 딥페이크 같은 테크 범죄가 늘어날까 봐 걱정입니다. 또한 기후 변화로 인한 여름철 기록적인 폭염과 집중호우가 건물과 가족에게 위협이 될 수 있다고 생각합니다.
f107ecce285b451aa7b2235ee5025979,0.2864,남성,19,고졸 이하,제주,19-29,음료 서비스 종사원,2,4>3,3,4>4>4,3>3>3,4>4>4,3,4,2,1>2>4,34>29>35,56>57>58,1>34>29,1,3,2,0,1,"제주는 관광지 특성상 익숙하지 않은 도로 사정과 해안 환경으로 인해 관광객들이 겪는 교통사고나 물놀이 사고의 위험이 큽니다. 또한, 숙박업소 등 서비스업에 종사하는 사람들이 많아 갑작스러운 감염병 확산과 같은 사회적 재난이 발생하면 지역 경제 전체가 타격을 입을 것 같습니다."
f2eae859345e46f0891edb438d3ab782,0.5873,남성,38,대학교 졸업,부산,30-39,도축원,2,4>2,3,5>5>5,4>4>4,5>5>5,3,4,2,1>13>3,35>34>27,63>57>56,63>1>34,1,3,2,0,1,"급격한 기후 변화로 인해 예측하기 힘든 국지성 호우나 태풍이 우리 동네처럼 하천과 산이 가까운 곳을 위협할 수 있다고 생각합니다. 또한, 제가 일하는 도축업 분야에서는 앞으로 다양한 형태의 가축 전염병이 식품 안전을 위협하는 잠재적 위험으로 다가올 것 같습니다."
418c4e59226e43ad934012efa46498a4,0.4393,남성,51,고졸 이하,광주,50-59,무직,2,2>3,3,4>4>4,3>3>3,4>4>4,2,4,2,2>9>1,27>29>34,56>57>58,27>2>29,1,3,1,4,,요즘 스마트폰을 이용한 보이스피싱이 기술적으로 고도화되어 일반인이 당하기 쉬워서 이를 사회적 재난으로 관리해야 할 것 같습니다. 또한 기후 변화로 인한 갑작스러운 폭우와 도심 침수도 잠재적 위험요인이라고 생각합니다.
4d6cb0c7d3f14fe99d437627b85ace8e,0.9942,여성,64,고졸 이하,경남,60-69,무직,1,2>1,3,4>4>5,4>4>4,4>4>5,3,4,2,1>9>2,27>34>51,56>57>64,27>1>34,1,4,1,4,,요즘 미세먼지가 너무 심해서 호흡기 건강을 해치는 것이 재난처럼 느껴집니다. 또한 갈수록 교묘해지는 보이스피싱 같은 사이버 범죄도 노인들에게는 큰 위협이 되어 미리 관리해야 할 위험인 것 같습니다.
4f2141413e24496aae8a8034453e0464,1.7154,여성,54,대학교 졸업,경기,50-59,작업치료사,2,2>4,3,5>5>5,4>4>4,5>5>5,3,5,2,2>9>13,27>34>29,68>56>58,27>68>34,1,4,1,4,,"급속한 고령화로 인해 거동이 불편한 어르신들이 복잡한 디지털 기기를 사용하다 겪는 사고나, 혼자 거주하는 노인들의 응급 상황 발생 시 이를 즉시 알리지 못하는 '디지털 격차'에 따른 위험이 잠재적 재난으로 관리되어야 한다고 생각합니다."
9ad0ce8c3e5e45ea9916c13b33d96c7c,1.8362,남성,33,대학교 졸업,경기,30-39,상·하수 배관공,2,4>3,3,5>5>5,4>4>4,5>5>5,3,5,1,2>1>9,35>34>49,63>57>56,35>2>63,1,3,2,0,1,"김포시의 급격한 도시화로 인해 지하 매설된 상하수도 관로의 노후화가 심각하여, 이로 인한 대규모 지반 침하나 누수 사고가 잠재적 위험요인이라고 생각합니다. 또한 매년 더 심해지는 폭염은 외부 작업이 많은 건설 및 현장 종사자들에게 심각한 안전 위협이 되고 있습니다."
f7467443da7040a38b0a71919767c62b,0.7717,여성,58,고졸 이하,경북,50-59,무직,2,2>3,3,5>5>5,4>4>4,5>5>5,3,4,1,1>2>9,27>40>29,56>57>68,27>1>40,1,4,1,4,0,요즘 날씨가 너무 변덕스러워서 여름엔 폭염으로 겨울엔 한파로 건강을 해칠까 봐 걱정이에요. 그리고 혼자 있는 시간이 많아지는데 집 안에서 가스 불이나 전기 화재 같은 사고가 나면 대처하기 어려울 것 같아서 위험해요.
165839954dbe4d479dcb510d4b3939e9,1.3668,여성,58,고졸 이하,서울,50-59,노점 및 이동 판매원,1,2>4,3,4>4>4,3>3>3,4>4>4,2,4,2,2>1>9,27>34>29,57>56>58,27>34>2,1,3,2,,1,날씨가 너무 변덕스러워져서 장사하는데 갑자기 폭우가 쏟아지거나 무더위가 심하면 건강도 걱정되고 물건도 망가질까 봐 무서워요. 그리고 우리 집이 산 바로 밑이라 비가 많이 올 때 산사태가 나지 않을까 항상 조심스럽게 지켜보고 있어요.
937f5b0e99c641bb8f31e8cd701668e3,0.8569,남성,44,대학교 졸업,부산,40-49,판매 사무원,2,2>3,3,5>5>5,4>4>4,5>5>5,3,5,2,1>13>2,27>34>29,56>57>58,27>1>34,1,3,2,,1,급격한 기후 변화로 인해 태풍이나 호우의 강도가 커져서 예측하지 못한 산사태나 침수 피해가 발생할까 우려됩니다. 또한 최근 기술로 인한 보이스피싱이나 딥페이크 같은 범죄가 재난급으로 확산되는 것도 관리가 필요하다고 생각합니다.
469fab93c3424f93bd18178d9e24ef63,0.6431,여성,60,고졸 이하,울산,60-69,무직,2,2>1,3,5>5>5,4>4>4,5>5>5,3,4,2,1>2>9,34>29>27,56>58>57,34>1>56,1,3,2,0,10,"요즘 같이 혼자 사는 노인들이 많은데, 집 안에서 갑자기 아프거나 쓰러졌을 때 이를 밖으로 알리는 기술이 더 필요하다고 생각해요. 또한 날씨가 점점 더 추워지고 더워져서, 혼자 산책하다가 일사병이나 저체온증에 걸리지 않도록 도와주는 기술도 중요해요."
acf6c2dbab9e47b6a785ed7b55dd511c,1.7663,남성,60,고졸 이하,경기,60-69,무직,2,2>4,3,5>5>5,4>4>3,4>4>4,3,4,2,1>2>13,34>27>29,56>57>60,34>1>27,1,4,1,4,1,미세먼지 같은 환경오염이 건강에 제일 위협적인 것 같습니다. 그리고 노후화된 아파트 단지에서의 전기나 가스 설비 화재도 항상 조심스럽게 보고 있습니다.
0547b16e8a9c42909762b1b578e1fd25,0.9516,남성,67,고졸 이하,부산,60-69,무직,2,2>4,3,5>5>5,4>4>4,5>5>5,3,4,2,14>1>2,27>34>29,56>57>68,14>27>34,1,3,2,,8,요즘 날씨가 너무 이상해서 갑자기 비가 쏟아지거나 무너지는 사고가 날까 봐 좀 걱정된다. 그리고 우리 같은 어르신들이 휴대폰 보이스피싱이나 사기에 속아 넘어가는 일도 많은데 이런 걸 막아주는 기술도 중요해 보인다.
66366debed0c4e0fb8f82af06a07f347,0.8057,남성,50,고졸 이하,전남,50-59,일식 조리사,2,2>1,3,4>4>4,3>3>3,4>4>4,3,4,2,13>1>2,27>34>29,63>58>56,13>27>34,1,3,2,0,3,요즘 기후 변화로 예전보다 장마철 비가 너무 많이 와서 지리산 인근 산사태 위험이 커지는 것 같습니다. 또한 우리 동네는 고령자 분들이 많으셔서 큰 재난이 발생하면 빠르게 대피하기 힘들지도 모른다는 걱정이 듭니다.
405565c89f00478ebb8f5c6056e2d955,0.9516,남성,64,대학교 졸업,부산,60-69,토목 관련 관리자,4,4>3,4,5>5>5,4>4>4,5>5>5,3,5,2,1>2>13,46>29>34,63>56>58,1>46>2,1,3,2,,1,노후화된 지하 상하수도 관로로 인한 도로 침하 사고와 기후변화로 인해 기존 배수 시스템의 한계를 넘어서는 국지성 집중호우가 잠재적 위험요인이라고 생각합니다.
2a31cbd4702642e1a25bfa8cf8198f03,1.7154,여성,58,고졸 이하,경기,50-59,그 외 물품 이동 장비 조작원,1,2>1,3,5>5>4,3>3>3,4>4>3,3,4,2,1>2>9,27>29>34,63>56>58,63>27>1,1,4,1,4,,"날씨가 예전 같지 않고 갑자기 폭우가 쏟아지거나 해서 기후 변화 때문에 생길 수 있는 큰 물난리가 걱정되고, 요즘은 컴퓨터를 못하는 어르신들을 대상으로 한 보이스피싱 같은 범죄도 재난처럼 무서운 것 같아요."
238bdff4a84949abac1bf364a9d78ca9,1.3668,여성,55,고졸 이하,서울,50-59,그 외 환경미화원 및 재활용품 수거원,1,2>3,3,5>5>5,3>3>3,4>4>4,3,4,2,2>9>14,27>34>42,57>63>56,27>2>34,1,3,2,,8,"요즘 같은 무더운 날씨에 야외에서 일하는 게 점점 힘들어지는데, 이상 기후로 인한 폭염이 더 심해지면 큰일 날 것 같습니다. 그리고 우리 동네처럼 골목이 좁은 낡은 주택가는 불이 나면 소방차가 들어오기도 힘들어서 화재가 나면 큰 피해가 날까 봐 걱정됩니다."
be4c85e529e542a3bacdc3b56eb3bd72,0.6229,남성,34,대학교 졸업,강원,30-39,철도교통 관제사,3,4>3,3,4>5>5,3>4>4,5>5>5,3,4,3,1>13>14,31>51>29,56>57>58,31>13>1,1,4,1,4,,기후변화로 인해 기존 상식을 벗어난 국지성 집중호우가 산악 지형인 원주 지역의 내륙 교통막과 주거지를 위협하는 잠재적 위험요인이 되고 있다고 봅니다. 또한 모든 사회 시스템이 ICT로 연결되면서 철도 신호 등 핵심 인프라에 대한 사이버 테러 가능성도 점차 커지고 있습니다.
0d877ec3386447a99ec99d263fa7ae47,0.5275,여성,41,대학교 졸업,광주,40-49,관리 비서,2,3>2,3,5>5>4,4>4>3,5>5>4,3,4,2,1>2>9,51>29>34,56>57>60,51>1>29,1,4,1,4,0,"AI 기술을 악용한 보이스피싱이나 딥페이크 같은 지능형 금융 범죄가 점점 정교해지고 있어 이에 대한 대비가 시급하다고 생각합니다. 또한, 최근 기후 변화로 인해 예측하기 힘든 집중호우가 도시 내부에서 침수 피해를 일으키는 등 재난 양상이 달라지고 있어 걱정됩니다."
d1079fb076f84f958e2bdb22335b2d78,1.9614,여성,44,대학교 졸업,경기,40-49,상품 기획자,3,3>2,3,5>5>4,4>4>3,5>5>5,3,4,2,1>2>9,34>35>51,56>57>68,34>1>27,1,4,1,4,,"최근 기후 변화로 인한 예측 불가능한 국지성 호우와 폭염이 도시 기반 시설을 견디지 못하고 발생하는 이상 기후 재난이 가장 우려되며, 고령화 사회에서 독거 노인이나 안전 취약 계층을 위한 실질적인 재난 대응 시스템이 부족한 점도 잠재적 위험요인이라고 생각합니다."
7b65655728c04e798bc8004ed0b04292,0.3567,남성,62,대학교 졸업,제주,60-69,시민 단체 활동가,3,3>5,3,5>5>4,4>4>3,5>5>4,2,5,4,1>13>2,27>34>29,58>56>68,1>13>34,1,3,2,,1,"기후변화로 인한 기상 이변이 빈번해지면서 제주도의 중산간 도로와 곶자왈 지역의 산사태 위험이 증가하고 있으며, 무분별한 개발로 인해 도심 내 배수 시설이 감당할 수 없는 국지성 홍수가 잠재적 위험요인이라 생각합니다."
cb64e04a9e3e445e93e77333fb618be8,0.4216,여성,56,고졸 이하,제주,50-59,철도운송 관련 종사원,2,2>3,3,5>5>5,4>4>4,5>5>5,3,4,2,1>2>13,31>27>34,56>57>68,1>31>27,1,3,1,7,0,"최근 기후 변화로 인해 예측하기 힘든 태풍과 호우가 잦아지면서, 제주의 노후된 주택과 도로 시설이 피해를 입는 일이 우려됩니다. 또한 고령화 사회에서 어르신들이 화재나 일상적인 안전사고에 취약해지는 점도 큰 위험요인이라고 생각합니다."
3f634889c02f4e0885e6ad43669ff841,1.7323,남성,50,고졸 이하,경기,50-59,그 외 바닥재 시공원,2,2>3,3,5>5>5,4>4>4,5>5>5,3,4,2,1>2>9,34>29>27,63>56>58,34>63>1,1,3,2,,12,"재개발 공사가 많은 지역 특성상 공사장 사고나 노후화된 시설물의 붕괴 위험이 큽니다. 또한, 최근 들어 예측하기 힘든 국지성 호우나 폭염 같은 기상 이변도 우리 가족과 작업 현장의 안전을 위협하는 잠재적 위험요인이라고 생각합니다."
2452cea321a94f79a545c22b6d7c50ab,0.8057,남성,51,고졸 이하,전남,50-59,무직,2,2>4,3,5>5>5,4>4>4,5>5>5,3,4,2,1>2>3,27>34>29,56>57>58,1>27>34,1,3,1,3,0,"지구 온난화로 인해 예전처럼 계절 날씨를 예측하기 힘들어져서, 갑작스러운 폭우나 태풍이 더 잦아질까 봐 걱정됩니다. 또한 요즘은 인공지능을 이용한 보이스피싱 같은 범죄 기술이 너무 발달해서 어르신들이나 일반인들이 당하기 쉬워 이런 부분도 재난처럼 관리가 필요하다고 생각합니다."
b28e97f9fccc4575b491eb62392d4f04,0.4893,여성,21,대학교 졸업,대구,19-29,무직,2,4>3,3,5>5>4,4>4>3,5>4>4,3,4,2,9>2>14,27>42>51,56>67>64,27>67>9,1,3,2,,18,"최근 AI 기술 발전으로 인한 딥페이크나 가상자산 사기 같은 새로운 유형의 범죄가 점점 늘어나는데, 이것이 심각한 사회 문제가 될 것 같아요. 또한 기후 변화 때문에 여름에는 너무 덥고 장마철에는 집이 침수될까 봐 걱정되는 등 예측 불가능한 날씨 변화도 위험요인인 것 같습니다."
85372e644cb547a786f1a9fc2f07ab3c,0.9202,여성,55,고졸 이하,강원,50-59,소규모 상점 경영자,1,2>3,3,5>5>5,4>4>4,5>5>5,3,4,2,1>23>2,34>27>29,56>57>58,1>34>27,1,3,2,0,4,"요즘은 스마트폰으로 하는 보이스피싱이나 해킹 기술이 너무 고도화되어서, 우리 같은 일반인들은 당하기 십상이라 정부가 더 강력하게 나서줬으면 좋겠어요. 그리고 갑자기 발생하는 심정지 같은 건 예고도 없이 오니까 주변 사람들이 대처하기 힘들어 위험해요."
993b994a5e464587b5a898d8daf0ee2a,0.8915,남성,48,고졸 이하,인천,40-49,수동 포장원,2,2>3,3,4>4>5,3>3>4,4>4>4,2,4,2,1>2>9,34>27>29,63>56>57,34>27>1,1,3,2,,8,오래된 아파트와 골목이 많아서 지반이 내려앉거나 낡은 건물이 무너지는 사고가 걱정됩니다. 또한 컴퓨터를 잘 다루지 못하는 사람들을 겨냥한 사이버 범죄나 보이스피싱도 일상을 위협하는 무서운 재난 같습니다.
33a0dd91c5c54d32aac729f888f62b28,0.7717,여성,51,고졸 이하,경북,50-59,한식 조리사,2,2>3,3,4>4>4,4>3>3,4>4>4,3,4,2,1>2>9,27>34>29,56>57>64,27>1>34,1,4,1,4,,기후 변화로 인해 예전에는 없던 무더위나 갑작스러운 폭우 같은 이상 기후가 점점 심해지는 게 위험하게 느껴집니다. 그리고 혼자 사는 노인들이 집 안에서 혼자 쓰러지거나 도움을 청하지 못하는 상황도 큰 재난이 될 수 있으니 미리 챙겨야 할 것 같습니다.
5507bf5e29064bb683f68fe00aee5733,0.7923,남성,62,고졸 이하,전남,60-69,무직,2,2>1,3,4>4>4,3>3>3,4>4>4,2,4,2,1>2>13,34>27>29,57>58>61,1>2>34,1,3,2,,1,"요즘 날씨가 너무 덥거나 비가 갑자기 쏟아져서 농사짓는 데 많은 지장을 주는데, 이런 기상 이변을 미리 알릴 수 있는 기술이 더 있었으면 좋겠습니다. 그리고 우리 동네는 집이 낡고 골목이 좁아서 화재가 나면 소방차가 들어오기 힘든데, 그런 위험을 미리 막을 수 있는 방법도 필요하다고 봅니다."
e4e8f5585856446194c0f45f2c83aa51,1.6820,여성,61,고졸 이하,서울,60-69,무직,2,2>4,3,4>5>4,3>3>3,4>4>4,2,4,2,1>2>9,27>34>29,56>57>68,27>34>1,1,3,2,,8,"우리 동네는 오래된 건물이 많아서 화재가 제일 걱정입니다. 그리고 요즘은 날씨도 자꾸 이상해서 여름엔 폭염으로, 겨울엔 눈이 많이 와서 다치는 어른들도 많은 걸 봐서 걱정됩니다."
27192a56e28d4c64be3bec716f1dcb9c,0.7720,여성,26,고졸 이하,충남,19-29,한식 조리사,2,4>3,3,4>4>4,4>3>3,4>4>4,3,4,2,1>2>9,27>34>35,57>64>56,27>34>1,1,4,1,15,,"일상에서 가장 걱정되는 건 기후 변화로 인한 식재료 가격 폭등이나 수급 불안정 같은 경제적 재난입니다. 또한, 미세먼지나 환경오염처럼 눈에 잘 보이지 않지만 서서히 건강을 갉아먹는 위험 요인들도 정부가 더 꼼꼼하게 관리해 줬으면 좋겠어요."
8fedf575f5a04e94922e79700b0a8190,1.9614,여성,48,대학원 졸업,경기,40-49,기업 고위 임원,3,3>2,3,5>5>4,4>4>3,4>5>4,3,4,2,1>2>9,51>50>27,56>57>58,51>27>1,1,4,1,4,0,급변하는 디지털 환경 속에서 AI 기반의 딥페이크나 보이스피싱 같은 첨단 사이버 범죄가 사회적 혼란을 일으킬 잠재적 위험요인입니다. 또한 기후 변화로 인해 예측 불가능한 국지성 호우나 폭염 등 이상 기후가 빈번해져 이에 대한 대비가 필요하다고 생각합니다.
8ecfc3db5d844152a87ab1098cd82987,0.7607,남성,57,대학원 졸업,전북,50-59,무직,4,4>3,3,5>5>5,4>4>4,5>5>5,2,5,2,14>1>13,46>34>47,63>57>56,46>14>34,1,3,2,,12,"노후화된 소규모 건축물과 공장 시설의 붕괴 및 화재 위험이 잠재적 위험요인이라고 생각합니다. 대형 시설만 관리할 것이 아니라, 지역 내 골목길에 밀집한 낡은 시설들의 안전 진단 기술이 확보되어야 합니다."
40b5b5d3a10043118f0e8e35b59f35cb,0.9858,남성,52,고졸 이하,대구,50-59,일반 비서,2,2>3,3,4>5>5,3>4>4,4>4>5,3,4,2,9>2>1,27>34>39,56>57>58,27>9>34,1,4,1,4,0,아파트가 노후화되면서 화재나 시설물 고장 같은 사고 위험이 점점 더 커지는 것 같습니다. 또한 요즘처럼 날씨를 예측하기 힘들고 폭염이나 집중호우가 잦아지면 그로 인한 피해도 걱정됩니다.
b303548092494e9ab175b058cb1a58bd,0.7387,남성,23,고졸 이하,충북,19-29,호송 경비원,2,3>4,3,4>5>4,4>4>4,4>4>4,3,5,2,1>2>9,34>27>42,56>63>57,34>1>27,1,4,1,4,0,"최근 AI 기술을 이용한 보이스피싱과 같은 지능형 범죄가 늘어나고 있어, 이를 사회적 재난으로 규정하고 국가 차원의 방어 시스템을 구축해야 합니다. 또한, 거주 중인 노후 아파트 단지의 전기 및 가스 설비 노후화로 인한 화재 위험도 큰 잠재적 위험요인이라고 생각합니다."
1e206d3a3eb44c48a761a265e8c7938f,0.9701,여성,53,대학교 졸업,충북,50-59,무직,2,2>3,3,5>5>5,4>4>4,5>5>5,3,5,2,2>3>13,27>34>42,57>67>68,27>34>2,1,4,1,4,,"급격한 기후 변화로 인한 이상 기후가 일상과 자연 생태계를 위협하는 것이 잠재적 위험요인이라고 생각합니다. 또한, 고령화 사회에서 발생할 수 있는 심리적 고립이나 정서적 결핍 같은 보이지 않는 재난도 선제적으로 관리되어야 한다고 봅니다."
899242f503804f9ca8cdc0bd1d36f61b,0.8182,남성,40,대학교 졸업,충남,40-49,플랜트공학 기술자 및 연구원,4,3>5,3,5>5>4,4>4>4,5>5>5,3,5,2,1>14>13,35>36>38,63>57>56,35>36>1,1,3,2,,9,"아산 지역의 노후화된 산업단지 시설에서 대규모 화재나 유출 사고가 발생할 가능성이 점차 커지고 있습니다. 또한, 기후 변화로 인한 예측 불가능한 기상 이변이 설계 기준을 초과하여 시설물의 안전을 위협하는 잠재적 요인이 될 것입니다."
9d8d7bc5de744fae88098630b755302e,0.9516,남성,63,고졸 이하,부산,60-69,무직,2,2>4,3,5>5>5,4>4>4,5>5>5,3,4,2,1>2>20,27>29>34,56>58>61,1>34>29,1,3,2,,1,요즘 날씨가 예전 같지 않고 해운대는 해안가라서 갑작스러운 큰 태풍이나 폭우가 내리면 대처하기 힘들 것 같습니다. 또 고령자가 많은 아파트 단지라 화재가 났을 때 피난 시설이 제대로 작동할지 늘 걱정이 됩니다.
0781360f486944aabef7d32dc55e539a,0.6560,여성,21,대학교 졸업,인천,19-29,무직,2,4>3,3,4>4>5,3>3>3,4>4>4,2,4,2,9>1>11,27>34>51,56>57>67,27>9>34,1,3,2,,18,"요즘 AI 기술이 발달하면서 딥페이크 같은 디지털 성범죄가 많이 발생하고 있는데, 이걸 재난으로 관리해야 할 것 같아요. 그리고 기후변화 때문에 여름 폭염이 너무 심해져서 실외 활동이 불가능해지는 것도 위험요인인 것 같아요."
e874e7d3c77e4af083261baa4feef8b0,0.8301,여성,62,고졸 이하,경북,60-69,무직,2,2>3,3,5>5>5,4>4>4,5>5>5,4,5,2,14>1>13,27>34>29,56>58>57,14>27>34,1,3,2,,3,"지금 사는 아파트도 노후돼서 큰 지진이 나면 무너질까 봐 제일 겁나고, 혼자 사는 노인이 많아서 재난 발생 때 대피나 도움받기가 어려울 것 같습니다. 요즘엔 여름날씨가 너무 더워져서 폭염으로 인한 건강 피해도 각별히 조심해야 할 것 같아요."
91de655f2b4c470099f8a5c9ad3973c3,0.1912,남성,38,고졸 이하,제주,30-39,전화 상담원,2,3>2,3,5>5>5,4>4>4,4>4>4,3,4,2,1>2>4,27>29>34,57>56>59,1>27>29,1,3,2,,1,요즘 제주도를 찾는 관광객이 너무 많아져서 도로 교통 사고나 다중이 이용하는 시설에서의 안전사고 위험이 점점 커지는 것 같습니다. 또한 전화상담을 하다 보면 고령층을 대상으로 한 정교한 보이스피싱과 같은 사이버 범죄도 심각한 사회적 위험요인이라고 생각합니다.
17e78185d8aa4344bc2732572f305798,1.0627,여성,35,대학교 졸업,서울,30-39,일반 비서,2,3>2,3,5>5>5,4>4>4,5>5>5,3,4,2,1>2>13,27>34>29,56>57>58,27>1>34,1,3,2,,3,"최근 여름이 갈수록 더워지는 것을 체감하는데, 도심 속 열섬현상이나 폭염으로 인한 건강 피해가 점점 커질 것 같아 우려됩니다. 또한, 미세먼지나 환경호르몬 같이 눈에 잘 보이지 않지만 장기적으로 건강을 해치는 요인들도 재난 관리 차원에서 더 신경 써야 한다고 생각합니다."
958c6bc9282847c1af61afd74440d803,0.8217,남성,49,대학교 졸업,대구,40-49,장례 지도사,2,2>3,3,5>5>5,4>4>4,5>5>5,3,4,2,1>9>13,27>34>29,56>57>68,27>34>29,1,3,2,,8,대구 동구의 노후화된 주거지역에서 발생할 수 있는 화재나 건축물 사고가 걱정됩니다. 또한 무더운 여름철 어르신들이 겪는 온열질환 같은 건강 관련 재난도 정부가 더 관심을 가졌으면 하는 부분입니다.
1e521c49195f4082b08bbb959812951b,1.6426,남성,48,대학교 졸업,서울,40-49,그 외 전기공학 기술자 및 연구원,3,3>4,4,5>5>5,4>4>4,5>5>5,3,4,2,2>1>9,34>47>51,57>56>58,34>2>57,1,3,2,,8,"최근 기후 변화로 인한 폭염과 집중호우가 잦아지는데, 구의동 같은 노후 밀집 지역의 전력망과 배수 시설이 이를 감당하기 버거워 보입니다. 특히 전기 과부하로 인한 화재나 노후 변전시설의 고장이 도심 재난으로 이어질 가능성을 크게 우려합니다."
ae2b2ce9ca4f40718e32577a8fc66711,0.7717,여성,58,고졸 이하,경북,50-59,상·하수 배관공,2,2>3,3,4>4>4,4>4>4,5>5>5,3,5,2,1>2>13,46>34>35,63>57>56,34>1>63,1,4,1,4,,아파트가 낡아가면서 갑자기 상하수도가 파열되거나 건물 노후화로 인한 사고가 점점 많아질 것 같아 걱정됩니다. 또한 기후 변화로 여름철 폭염이 심해져 현장에서 일하는 사람들이 열사병에 걸릴 위험도 크다고 봅니다.
78793a901a0e48adbe01c3f8d64a94c9,0.3525,여성,60,고졸 이하,제주,60-69,무직,2,2>1,3,5>5>4,3>3>3,4>4>4,3,4,2,1>2>4,27>34>29,68>56>58,1>27>34,1,3,2,0,1,요즘 날씨가 너무 심상치 않아서 예전에는 없던 큰 태풍이나 홍수 같은 게 갑자기 덮칠까 봐 불안합니다. 그리고 골목길에 차들이 너무 빨리 다녀서 무심코 길을 건너다 치일까 봐 항상 조심하고 있어요.
ef19025c0dda4dfa97cd22e29a7e5f4b,1.7323,남성,58,대학교 졸업,경기,50-59,무직,2,2>3,3,5>5>4,4>4>3,5>5>4,3,4,2,1>2>9,34>29>27,56>57>58,34>1>29,1,3,1,4,,"아파트가 노후되어 전기나 가스 설비에서 사고가 날까 봐 항상 조심스럽게 지내고, 요즘은 갑작스러운 폭우로 인한 침수 피해도 많이 걱정됩니다."
17ac759917a946e0a4fc4c6fda3fbf2d,1.5143,남성,63,고졸 이하,서울,60-69,가스 배관공,2,2>3,3,5>5>5,4>4>4,5>5>5,3,4,2,2>9>5,35>34>27,57>56>63,35>34>2,1,3,2,,8,낡은 아파트 단지의 배관과 전기 시설이 너무 오래되어 언제 가스 누출이나 화재 사고가 터질지 모른다는 게 항상 마음에 걸립니다. 또한 갑작스러운 폭우로 인해 지하 공간이 침수되는 일도 다시 발생하지 않을까 걱정됩니다.
bd7675805dcd48b4a1103856cf31b4e1,1.6841,여성,45,대학교 졸업,서울,40-49,무직,2,2>3,3,5>5>5,4>4>4,5>5>5,3,4,2,2>1>9,27>34>29,56>57>64,27>34>2,1,3,2,0,8,"최근 기후 변화로 인해 갑작스러운 폭우가 잦아지는데, 오래된 다세대주택 밀집 지역인 우리 동네 특성상 침수 피해나 노후된 배관 문제가 발생할까 봐 우려됩니다. 또한, 일상생활 속에서 예측하기 힘든 가스 사고나 화재 같은 안전사고들이 언제든 일어날 수 있어서 항상 조심스럽게 지내고 있습니다."
71c0803fc87a42319d764a07e0b4b9c8,1.0558,남성,55,고졸 이하,서울,50-59,항타기 운전원,2,2>3,3,5>5>5,4>4>4,5>5>5,3,5,1,13>2>1,46>34>29,63>56>58,13>46>63,1,3,2,,3,날씨가 예전 같지 않아서 갑자기 폭우가 쏟아지거나 무더위가 심해져 현장에서 일하는 게 점점 힘들어지는 게 걱정입니다. 또 동네에 오래된 건물도 많고 골목이 좁아서 큰비가 오면 무너지거나 침수될까 봐 항상 마음을 놓을 수가 없습니다.
68a896b7c8b24fa1bc380693210ee3ea,1.1381,여성,48,고졸 이하,경남,40-49,무직,2,2>3,3,5>5>5,4>4>4,5>5>5,3,4,2,1>2>14,34>27>29,56>57>59,1>34>27,1,3,2,,1,요즘 날씨가 너무 덥거나 비가 갑자기 쏟아지는 걸 보면 기후 변화 때문에 예전보다 훨씬 더 큰 태풍이나 홍수가 올까 봐 걱정돼요. 그리고 아파트가 노후되어가면서 가스나 전기 관련 사고도 더 많이 날 수 있지 않을까 하는 생각도 들어요.
aebd86973bf8482096ad990a9d30a899,0.7067,여성,55,대학교 졸업,전북,50-59,자동차 차체 부품 조립원,2,2>4,3,5>5>4,4>4>3,5>5>4,3,4,2,1>2>14,27>34>35,63>56>57,27>1>63,1,3,2,,1,"오래된 아파트 단지에 살고 있어서 노후화된 전기 설비나 가스 배관으로 인한 화재가 항상 걱정됩니다. 또한 최근 들어 갑자기 쏟아지는 폭우로 인해 지하 주차장이나 상가가 침수되는 일이 잦아져서, 이에 대한 대비가 더 필요하다고 느낍니다."
ba34f85f0eda4308a57877423d6f6fbc,0.3797,남성,45,고졸 이하,제주,40-49,단말기 및 통신 서비스 판매원,2,3>2,3,5>5>5,4>4>4,5>5>5,3,4,2,1>3>13,27>29>34,56>61>59,1>27>29,1,3,2,,1,제주로 들어오는 관광객이 급증함에 따라 비상 시 교통 정체와 통신망 과부하가 잠재적인 위험요인으로 관리될 필요가 있다고 생각합니다.
badbf7e3a5544955a62aa7ad2c76c877,0.7810,여성,45,고졸 이하,충북,40-49,무직,2,2>4,3,5>5>5,4>4>3,5>4>4,3,4,2,1>2>9,27>34>29,57>58>56,27>1>34,1,4,1,15,,"요즘 날씨가 너무 변덕스러워서 여름엔 폭염으로 건강이 상할까 봐 걱정이고, 갑자기 쏟아지는 비 때문에 집이 침수될까 봐 불안합니다. 그리고 요즘은 보이스피싱 같은 범죄가 기승을 부려서 가족들이 피해 입지 않게 더 경계해야 할 것 같습니다."
f9bd537835894511bf6e70148cd316a7,1.3668,여성,51,고졸 이하,서울,50-59,시설 경비원,2,2>3,3,5>5>5,4>4>4,5>5>5,3,5,1,1>2>14,27>34>29,56>57>58,27>34>1,1,3,2,,1,최근 기후 변화로 인한 도시형 집중호수와 폭염이 잠재적 위험요인이라고 생각합니다. 또한 고령화로 인해 혼자 사는 어르신들이 겪는 안전사고나 응급 상황도 재난 차원에서 더 적극적으로 관리해야 한다고 봅니다.
08aae9beb7244470ac92c1b6c374f947,0.1062,남성,38,대학교 졸업,세종,30-39,품질 관리 사무원,2,3>4,3,4>4>4,4>4>4,4>4>4,3,4,2,1>9>13,51>34>29,63>56>57,51>63>34,1,4,1,4,0,"AI 기술 발전에 따른 딥페이크 등 신종 범죄와 사회적 혼란, 그리고 기후 변화로 인한 폭염 등 이상 기후가 노약자가 많은 우리 가정과 사회에 큰 위협이 될 것 같습니다."
c6427c9b520d490fa12c5b27d79af773,0.5873,남성,33,대학원 졸업,부산,30-39,산업 안전원,4,3>4,4,5>5>5,4>4>4,5>5>5,3,5,2,1>2>9,34>35>51,63>56>57,34>63>1,1,3,2,,4,"ICT 전공자로서 스마트 팩토리 등 자동화 시설의 사이버 해킹 위험과, 이로 인한 실제 물리적 사고 연계 가능성이 우려됩니다. 또한 기후 변화로 예측이 어려워지는 초대형 태풍에 대비한 기술적 대응도 필요하다고 봅니다."
02483a9152c24291ab2b2e9048fa69a3,1.1815,남성,30,고졸 이하,서울,30-39,그 외 일반 영업원,2,3>4,3,5>5>5,4>4>4,5>5>5,3,5,1,1>2>14,27>34>29,56>57>58,27>34>1,1,3,2,0,8,요즘 AI 기술을 이용한 보이스피싱이나 딥페이크 같은 범죄가 기술이 발전할수록 더 교묘해져서 개인정보 유출이나 금전 피해로 이어질까 봐 위험합니다. 그리고 제가 사는 곳처럼 낡은 다세대주택이 밀집한 곳은 화재나 건물 노후화로 인한 사고 위험도 항상 마음에 걸립니다.
0d40f4b14f0541f3b2f43da4abf8f8e7,1.0558,남성,51,대학교 졸업,서울,50-59,기업 고위 임원,4,3>2,3,5>5>5,4>4>4,5>5>5,4,5,3,2>9>1,51>27>34,56>58>57,51>2>27,1,4,1,12,0,최근 인공지능 기술의 발달로 인한 딥페이크나 보이스피싱 등 사이버 범죄가 개인의 재산과 안전을 위협하는 새로운 형태의 재난으로 자리 잡고 있습니다. 또한 기후변화로 인한 도심의 열섬현상과 미세먼지 등은 장기적으로 시민의 건강을 저해하는 잠재적 위험요인이라고 생각합니다.
258a3dc1b8064669b786f0f4214a5a65,1.8749,남성,28,대학교 졸업,경기,19-29,무직,3,3>4,3,5>5>5,4>4>3,5>5>4,3,4,3,1>2>9,51>50>34,56>57>58,51>1>34,1,3,1,2,,AI 기술의 발전으로 인한 딥페이크 보이스피싱 등 신종 사이버 범죄가 심각한 사회적 위협이 될 것 같습니다. 또한 노후화된 주거 지역에서의 화재나 정전 등 생활 밀착형 안전사고도 우려됩니다.
2c8ade9f29c24a87b492a6f1b76c4fee,1.0558,남성,59,고졸 이하,서울,50-59,"전직 건물 경비원, 현재 구직중",2,2>3,3,5>5>5,4>4>4,5>5>5,4,5,1,2>14>1,34>27>29,56>57>58,34>27>2,1,3,2,,8,우리 동네처럼 오래된 다세대 주택이 밀집한 곳은 노후된 전기 설비나 가스 배관 때문에 화재가 날까 봐 항상 불안합니다. 그리고 요즘은 스마트폰을 이용한 보이스피싱 같은 범죄도 재난처럼 우리 일상을 크게 위협하고 있어서 정부에서 좀 더 엄격하게 관리해 줬으면 합니다.
e306afeaac8d47eb867cb30a1585d142,0.6476,여성,38,대학교 졸업,대구,30-39,일반 간호사,2,2>3,3,5>5>5,4>4>4,5>5>5,3,5,2,14>1>2,27>34>39,56>63>64,27>34>14,1,4,1,4,0,"기후 변화로 인한 폭염이 대구 지역 아이들과 노약자에게 미칠 건강 피해가 점점 커질 것 같습니다. 또한, 고령화와 의료 환경 변화 속에서 발생할 수 있는 신종 감염병이나 의료 안전 사고 같은 보건 위기 요인도 미리 지정해 관리할 필요가 있다고 봅니다."
179eff3229c54716a2dcdc38b6f2eb77,0.9102,남성,59,고졸 이하,충남,50-59,무직,2,2>3,3,4>4>4,3>3>3,4>4>4,3,4,2,1>2>9,34>35>29,56>57>58,1>34>35,1,3,2,0,8,요즘 날씨가 예전 같지 않고 태풍이나 폭우가 자주 발생해서 기상 재난이 가장 걱정됩니다. 또한 우리 당진처럼 산업 단지가 많은 곳은 화학 물질 누출이나 대형 화재 같은 사고가 언제 터질지 모른다는 불안감도 느끼고 있습니다.
a58bba35ceda43499dc75388edfe77e3,0.6423,여성,19,고졸 이하,전북,19-29,무직,2,4>3,3,4>4>4,3>3>3,4>4>4,3,4,2,9>2>1,27>42>29,56>57>60,27>9>42,1,4,2,,10,"기후 변화로 인한 폭염과 집중 호우 같은 이상 기후가 점점 심해져서 걱정돼요. 그리고 인터넷을 많이 사용하다 보니, 딥페이크나 보이스피싱 같은 새로운 유형의 사이버 범죄도 정부가 관리해야 할 위험요인이라고 생각해요."
ac26386aac46498492bd16ed50707390,0.8182,남성,48,대학교 졸업,충남,40-49,고무·플라스틱 기술자 및 연구원,2,2>3,3,5>5>4,4>4>3,5>5>4,3,5,2,1>2>9,34>40>35,63>56>57,34>63>40,1,3,2,,10,"공장 설비의 노후화로 인한 예기치 못한 사고나, 제조 공정에서 사용하는 새로운 화학 물질로 인한 건강상의 잠재적 위험들이 미리 관리되었으면 합니다."
fccaf171086549e7ada7525be434eefa,0.9544,남성,52,대학교 졸업,부산,50-59,경호원,2,2>3,3,5>5>5,4>4>4,5>5>5,3,4,2,1>2>13,34>54>51,56>57>58,34>1>54,1,3,2,,15,"급격한 기술 발전으로 인한 딥페이크나 AI 보이스피싱 같은 첨단 사기 범죄, 그리고 서면 같은 번화가의 노후화된 시설물에서 발생할 수 있는 대형 화재 사고가 잠재적 위험요인이라고 생각합니다."
62070a73e4004ab4804d69eaab03bdbf,0.5275,여성,42,고졸 이하,광주,40-49,무직,2,2>3,3,5>5>5,4>4>4,4>4>4,3,4,2,1>2>13,27>29>34,56>57>64,27>34>1,1,3,2,,3,"최근 뉴스에서 많이 보는 보이스피싱 같은 범죄 수법이 점차 정교해져서 걸러내기 어려워 보이는 점이 걱정되고, 아이들이 먹는 가공식품에 포함된 미세 플라스틱이나 화학 물질 같은 눈에 보이지 않는 위해 요소들이 위험해 보입니다."
27dad1c2126345c886319075e87ffbdf,1.0558,남성,51,고졸 이하,서울,50-59,지게차 운전원,2,2>3,3,4>5>5,3>4>4,4>4>5,3,5,2,1>2>9,27>34>29,63>56>57,63>27>1,1,3,2,,7,최근 날씨가 너무 이상해서 예측하기 힘든 태풍이나 국지성 호우가 자주 발생하는 게 위험해 보입니다. 또한 도심의 오래된 지하철이나 도로 같은 기반시설이 노후화되어 사고가 날 가능성도 있는 것 같습니다.
b4e81aaeb62147ca928cfea17b5b3d42,0.5118,남성,59,고졸 이하,충북,50-59,건물 경비원,2,2>1,3,5>5>5,4>4>4,5>5>5,2,4,2,1>2>9,34>27>35,56>57>68,34>1>27,1,3,1,4,,우리 아파트가 건립된 지 오래되어 전기 설비 노후화로 인한 화재나 가스 누출 사고가 제일 걱정됩니다. 또한 층간소음이나 고립된 거주민의 안전을 빨리 파악할 수 있는 기술이 필요하다고 생각합니다.
ca68e94114184577a06075c41c47101a,1.8155,남성,46,대학교 졸업,경기,40-49,전기 용접원,2,2>3,3,5>5>5,4>4>4,5>5>5,3,5,2,1>2>9,34>35>47,63>57>56,34>1>63,1,4,1,1,,"전기 차나 대용량 배터리 화재 같은 새로운 유형의 사고가 늘고 있는데, 이걸 끄는 특수 소방 기술이나 장비가 아직 부족한 것 같아 걱정입니다. 또한 갑작스러운 폭우로 인한 아파트 지하 공간 침수 사고도 인공지능 등을 활용해 미리 예방할 수 있으면 좋겠습니다."
0263b53e09a840379132df7c482cceb4,0.8569,남성,43,고졸 이하,부산,40-49,웹 운영자,2,3>2,3,5>5>4,3>3>3,4>4>4,3,4,2,1>13>2,51>34>50,56>57>58,1>51>13,1,3,2,0,1,"기후 변화로 인해 예측하기 힘든 집중호우가 우리 동네 산비탈이나 골짜기를 위협할 것 같아 걱정됩니다. 또한, 인터넷과 스마트폰을 이용한 생활이 필수가 되면서 고령층을 겨냥한 정교한 사이버 범죄가 더 큰 사회적 문제가 될 것 같습니다."
7f66e715183d496e904644727f485373,0.2780,여성,39,대학교 졸업,제주,30-39,철도운송 관련 종사원,2,2>3,3,4>5>4,3>3>3,4>4>4,3,4,2,1>4>2,31>27>29,61>57>56,1>31>61,1,3,2,0,1,"최근 날씨가 너무 변덕스러워서 예측하기 힘든 기상 이변이 걱정되고, 아이들이 스마트폰을 많이 사용하다 보니 사이버 범죄나 가상세계에서의 안전 사고 같은 눈에 보이지 않는 위험도 커지는 것 같아요."
1daed62b0fb1492ab244f19485d85c5d,0.8470,남성,44,대학교 졸업,충북,40-49,산업 안전원,2,2>3,3,4>4>5,3>4>4,4>5>5,3,4,2,13>1>2,38>34>27,63>57>56,63>38>34,1,4,1,15,0,"최근 날씨가 예전 같지 않고 갑작스러운 호우나 폭염이 잦아져서, 이런 기상 이변으로 인한 산사태나 농작물 피해 같은 게 시골에서는 큰 위험요인이 될 수 있다고 봅니다. 또한 우리 마을처럼 고령자가 많은 지역에서는 혼자 사신 어르신들이 갑작스러운 재난 상황에 대처하지 못해 사고로 이어지는 것도 정부가 미리 챙겨야 할 문제라고 생각합니다."
94385bc922014160824c9bcd97a593d5,0.5275,여성,47,대학교 졸업,광주,40-49,범용 소프트웨어 프로그래머,2,3>2,3,5>5>4,4>4>3,4>5>4,2,4,2,1>13>9,51>27>34,56>58>57,51>1>34,1,4,1,4,,"AI 기술의 발달로 인한 딥페이크나 보이스피싱 등 사이버 범죄가 심각한 사회재난이 될 것 같습니다. 또한 노후화된 주거지역에서의 화재 위험이나, 극심한 기후변화로 인한 폭염 피해도 점차 커질 것으로 생각됩니다."
a1b6911fe7524dfcb5c748e33e2345af,0.8569,남성,41,대학교 졸업,부산,40-49,금속절곡기 조작원,2,3>2,3,5>5>4,4>4>4,5>5>5,3,5,1,1>13>2,27>29>34,63>57>56,63>1>29,1,4,1,4,0,"노후화된 공장 시설에서의 화재 사고 위험과, 가족을 노리는 보이스피싱 같은 사이버 범죄가 새로운 재난 위험요인이라고 생각합니다. 특히 익숙함에 속아 안전 수칙을 지키지 않는 것이 가장 큰 위험인 것 같습니다."
51dc0d84557e4637bfd8890a8eba7809,0.8518,남성,64,고졸 이하,경북,60-69,운송장비 청소원,1,2>1,3,4>4>5,3>3>3,4>4>4,3,4,1,1>2>13,29>34>35,63>57>58,1>29>34,1,3,1,7,0,"지구 온난화로 인해 여름철 폭염이 갈수록 심해져서 야외에서 일하는 사람들이 위험한 상황이 생길 것 같습니다. 또, 농촌 지역이라 노인들이 혼자 지내는 경우가 많아 응급 상황에 대처하기 힘든 점도 큰 위험 요인이라고 생각합니다."
7e824f0732494d46aa9a57ffb35db7ef,0.7338,여성,52,고졸 이하,울산,50-59,그 외 미용 관련 서비스 종사원,2,2>3,3,5>5>4,4>4>4,4>4>5,3,4,2,1>2>9,34>27>29,56>57>58,34>1>27,1,3,2,,8,"요즘 날씨가 이상해서 예전에는 없던 국지성 집중호우가 자주 오는데, 오래된 하수도 시설로 인한 도시 침수가 잠재적 위험인 것 같습니다. 또한 1인 가구가 많아지는데 혼자 살다가 응급 상황이 발생했을 때를 대비한 모니터링 시스템도 재난으로 관리해야 한다고 생각합니다."
1f05ffeb201d450592d86d449aad5011,1.1381,여성,45,대학교 졸업,경남,40-49,자동 조립라인 조작원,2,2>4,3,5>5>5,4>4>4,5>5>5,3,4,2,1>2>9,34>35>27,63>56>57,34>1>63,1,3,2,0,8,날씨가 점점 더 이상해져서 예전엔 없던 큰 태풍이나 집중 호우가 갑자기 쳐서 큰 피해를 입지 않을까 하는 게 제일 걱정됩니다. 그리고 우리 동네 주변이 공장 단지라 혹시라도 가스가 새거나 화학 물질 사고가 터지면 어떻게 대처해야 할지 모른 것 같아 불안합니다.
547878e6b3e441c4b8ade1b7d20f56bd,0.6819,남성,64,고졸 이하,강원,60-69,주방장,2,2>3,3,4>4>4,4>4>4,4>4>4,3,4,2,2>1>13,34>27>29,64>57>56,34>2>64,1,4,1,4,0,"최근 여름철에 날씨가 너무 더워져서 야외 작업을 하다가 쓰러지는 사람들이 많은데, 이런 폭염이 점점 심해져서 큰 재난이 될 것 같습니다. 또한 갑자기 쏟아지는 국지성 호우로 인한 도시 침수도 걱정됩니다."
e988dca3de5f4504815b60c52026fdce,0.8891,남성,41,대학교 졸업,전남,40-49,매장 정리원,2,2>3,3,4>4>4,3>3>3,4>4>4,3,4,2,1>2>20,27>34>29,56>57>61,1>27>34,1,3,2,0,1,요즘 기후 변화로 인해 예전보다 훨씬 강한 태풍이나 폭우가 목포를 덮칠까 봐 걱정됩니다. 그리고 일하는 대형 마트에 갑자기 사람이 너무 많이 몰리거나 화재가 발생하면 대처하기 힘들 것 같아서 그런 대형 사고도 위험한 요인이라고 생각합니다.
76d187949dfe4b9d9e28c2eaf29446da,1.0558,남성,50,대학교 졸업,서울,50-59,무직,2,3>2,3,5>5>5,4>4>4,5>5>5,3,5,2,2>1>9,27>34>29,56>68>57,2>27>34,1,4,1,4,0,기후변화로 인한 도시 열섬현상과 예측 불가능한 국지성 집중호우가 앞으로 우리 일상에 닥칠 가장 큰 잠재적 위험요인이라고 생각합니다. 또한 초고령 사회로 진입하면서 독거 노인이나 안전 취약계층이 겪게 될 일상적 사고와 응급 상황에 대한 사회적 대응 체계도 재난 차원에서 새롭게 정의되어야 합니다.
b028556e39814a6a824fb9b7b56df301,0.9928,여성,53,대학교 졸업,부산,50-59,무직,2,2>3,3,4>5>5,3>3>4,4>5>5,2,4,2,1>13>9,27>34>29,57>56>60,1>27>34,1,3,2,,8,"요즘 스마트폰으로 오는 보이스피싱이나 금융 사기가 기술이 발전할수록 더 교묘해져서 걱정스럽고, 여름철 폭염이 갈수록 심해져서 혼자 사는 사람들이 건강을 잃는 일도 큰 위험요인이 될 것 같습니다."
ebf5ea53f00847f59940ddab05d73693,1.5626,남성,19,고졸 이하,서울,19-29,무직,2,3>4,3,4>5>5,4>4>4,4>5>5,3,4,2,1>2>9,27>34>29,56>57>58,27>1>34,1,4,1,4,0,AI 기술 발전에 따른 딥페이크 보이스피싱 등 신종 사이버 범죄가 개인의 안전과 사회적 신뢰를 위협할 수 있다고 생각합니다. 또한 고령화 사회로 접어들면서 의료 및 돌봄 시스템의 과부하로 인한 안전사고 위험도 커질 것 같습니다.
49b5baf06bab4be48f14bf808b2b4423,1.7323,남성,56,대학교 졸업,경기,50-59,산업 안전원,3,2>3,3,5>5>5,4>4>4,5>5>5,3,5,2,1>13>3,34>35>27,63>56>57,34>63>1,1,4,1,2,0,"김포시는 개발이 빨라 새로운 건물이 많지만, 그 사이에 오래된 공장이나 상가 시설에서 전기나 가스 노후화로 인한 화재가 날까 봐 항상 걱정합니다. 또한 최근 들어 갑자기 쏟아지는 폭우로 인한 하천 범람이나 도로 침수 같은 홍수 피해도 점점 더 위험하게 느껴집니다."
7775c3357a894a8492f23b11dea9b5be,0.5223,여성,64,고졸 이하,대전,60-69,무직,2,2>1,3,5>5>5,4>4>4,5>5>5,3,5,2,2>1>9,34>27>29,56>68>57,34>2>27,1,4,2,,1,요즘 날씨가 너무 이상해서 갑자기 쏟아지는 비 때문에 우리 동네 오래된 골목길이 침수될까 봐 걱정돼요. 그리고 혼자 사는 어르신들이 많은데 무더위나 추위 같은 기상 재난에 혼자 대처하기 힘들어서 위험하지 않을까 싶어요.
00c8188d86704726b5b5fb77695b6513,0.5354,여성,34,대학교 졸업,강원,30-39,무직,2,2>3,3,5>5>5,4>4>4,5>5>5,3,4,1,13>2>5,33>27>29,58>64>57,13>33>2,1,4,2,0,3,"최근 기상이변으로 인해 여름철에 짧은 시간 동안 많은 비가 내려 산사태나 계곡 범람이 발생할 가능성이 크다고 느껴집니다. 또한 우리 동네는 산이 가까워 멧돼지 등 야생동물 출몰이 잦은데, 이로 인한 인명 피해도 재난급으로 관리가 필요하다고 생각합니다."
d417dc52882b4a74b73a05f27fdec010,0.7090,남성,69,고졸 이하,전북,60-69,무직,2,2>3,3,5>5>4,4>4>4,5>5>4,3,4,2,1>2>13,27>34>29,56>57>58,27>1>34,1,4,1,4,,"요즘은 날씨가 너무 덥거나 비가 갑자기 쏟아져서 걷기도 힘들고, 집중호우 때는 산이나 골목길이 무너질까 봐 겁이 납니다. 그리고 요즘은 전화기로 돈을 빼가는 사기도 너무 교묘해서 우리 같은 노인들이 당하지 않을까 늘 조심하고 있습니다."
fc23040ff2e14256917838b120ec1e7a,1.0229,남성,37,대학교 졸업,경북,30-39,경영 기획 사무원,2,3>2,3,4>5>4,3>4>3,4>5>4,3,4,2,14>1>2,27>51>50,56>57>63,14>27>51,1,3,2,,3,"최근 인공지능을 이용한 보이스피싱이나 딥페이크 기술 같은 범죄가 일반인이 대비하기 어려운 수준으로 발전하고 있어 위험합니다. 또한, 산업 단지가 있는 지역 특성상 미세먼지나 유해 화학 물질 누출 같은 환경적 위험도 항상 마음 한구석에 걸려 있습니다."
feb560dd7de34bfbb86a86ab85be48a2,0.4427,남성,59,대학교 졸업,대전,50-59,총무 사무원,2,2>3,3,4>5>4,3>3>3,4>4>4,2,4,2,1>2>9,27>34>51,56>57>58,27>1>34,1,4,1,4,,고령으로 혼자 살다 보니 집 안에서 넘어지거나 갑작스러운 병이 발생했을 때 이를 감지하고 대처하는 기술이 필요하다고 생각합니다. 또한 요즘 같은 정보화 시대에 노년층을 겨냥한 보이스피싱 같은 사이버 범죄도 심각한 위험요인이라고 봅니다.
0f8733fab69f4f7a8cb5c98d1c177b94,0.1442,여성,64,고졸 이하,세종,60-69,무직,2,2>1,3,5>5>5,4>4>4,5>5>5,3,4,2,1>2>9,34>35>27,56>57>68,34>1>35,1,4,1,12,,"날씨가 점점 더 무서워져서 여름의 폭염이나 갑작스러운 호우로 인한 사고가 더 잦아질 것 같아 걱정됩니다. 그리고 혼자 사는 노인들이 많아지는데, 집안에서 갑자기 쓰러지거나 하는 응급 상황을 밖에서 알 수 없는 것이 큰 위험인 것 같습니다."
9184988f392d4f5cb3688ac0df6e825f,0.7720,여성,26,대학교 졸업,충남,19-29,자동 재단기 조작원,2,3>4,3,5>5>4,4>4>3,5>5>4,4,5,2,1>2>14,34>27>35,63>56>57,34>27>63,1,4,2,0,7,최근 AI 기술 발달로 인한 보이스피싱이나 딥페이크 같은 범죄가 점점 정교해져서 사회적 위협이 될 것 같습니다. 또한 기후 변화로 인해 예상치 못한 태풍이나 홍수가 도심에서 발생할 때 대처하기 어려울 수도 있다고 생각합니다.
90e8dddd3a254870bb90550a838bdeec,0.2234,남성,51,대학교 졸업,세종,50-59,철도 기관사,3,2>3,3,5>5>5,4>4>4,5>5>5,4,5,1,2>1>14,31>29>34,56>57>63,31>2>29,1,4,1,1,0,"철도 신호 및 통신 체계에 대한 사이버 테러와 노후화된 인프라로 인한 사고, 그리고 기후 변화로 인한 집중호우 등 예측 불가능한 기상 재해가 잠재적 위험요인이라고 생각합니다."
b320398b9c6e4eef96bbc081be9bba80,0.7730,남성,39,대학교 졸업,충북,30-39,그 외 시멘트 및 광물제품 제조기 조작원,2,2>3,3,5>5>4,4>4>4,5>4>4,3,5,2,13>2>1,34>36>38,63>57>56,34>13>63,1,3,2,,3,"요즘 같은 기상이변 때는 갑자기 쏟아지는 비로 인한 산사태나 하천 범람이 위험해 보입니다. 또한 공장에서 스마트 팩토리 시스템을 도입하는데, 사이버 공격이나 전산 오류로 인해 설비가 통제 불능이 되는 사고도 새로운 위험 요인이 될 것 같습니다."
4de7707c480947d6b3fa3d8e109ed20f,1.7742,여성,64,고졸 이하,경기,60-69,스포츠 강사 및 트레이너,2,2>3,3,5>5>5,4>4>4,5>5>5,3,5,2,1>13>9,27>34>29,58>56>68,27>1>34,1,4,1,4,,갑자기 기후가 변해서 폭우가 쏟아지거나 무더위가 심해지는 날씨가 어르신들 건강에 가장 위협적인 것 같습니다. 그리고 등산할 때 조난 사고 같은 것도 기술로 더 잘 예방했으면 합니다.
54591353c6d245faac3f88623621593d,0.9048,남성,47,대학교 졸업,경남,40-49,"전직 생산관리 사무원, 현재 구직중",2,2>3,3,5>5>5,4>4>4,5>5>5,3,5,2,1>13>2,34>38>29,56>63>57,34>1>29,1,3,2,,8,"디지털 기술의 발달로 인해 보이스피싱 등 지능형 범죄가 점점 더 정교해져 일상생활에서의 피해가 걱정되며, 산업단지 내 노후화된 설비들이 사고를 일으킬 가능성도 커 보입니다."
ad441767acef4afe91e13828ca05416f,1.6703,여성,37,대학교 졸업,경기,30-39,무직,2,2>3,3,5>5>5,4>4>4,5>5>5,3,5,2,1>2>9,27>34>39,56>64>57,27>34>1,1,4,1,4,0,"요즘 많이 쓰는 에어프라이어나 생활 가전제품으로 인한 가정 내 화재 사고가 점점 늘어나는 것 같아 위험하고, 아이들이 먹는 가공식품에 포함된 미세 플라스틱이나 알 수 없는 유해 물질 같은 새로운 환경 재난도 걱정됩니다."
b09d65373dc44ebf925c9d8342b5cc3a,0.9928,여성,56,고졸 이하,부산,50-59,무직,2,2>1,3,5>5>5,4>4>4,5>5>5,3,4,2,1>2>13,27>34>29,56>57>64,1>27>34,1,3,2,0,1,요즘 날씨가 너무 변덕스러워서 갑자기 쏟아지는 폭우나 예전엔 없던 무더위 같은 게 걱정됩니다. 그리고 우리 동네도 아파트가 낡아가는데 화재나 시설 노후화에 대한 안전 점검이 꼼꼼히 이루어졌으면 좋겠습니다.
46a2c0dce785445cb057d7fe945a111e,0.8569,남성,40,대학교 졸업,부산,40-49,사탕·껌 및 초콜릿 제품 기계 조작원,2,3>2,3,5>5>5,4>4>4,4>4>4,3,5,1,1>14>2,34>35>27,63>57>56,34>1>63,1,3,2,,1,"최근 공장 자동화가 많이 도입되고 있는데, 복잡한 시스템 오류로 인해 대형 사고가 발생하거나 육안으로 확인하기 힘든 고장이 잠재적인 위험요인이 될 수 있다고 생각합니다. 또한 해안가 지역 특성상 기후 변화로 태풍이 더 강해질 경우 도시 전체의 전기나 통신 시설이 마비되는 신종 재난도 우려됩니다."
5aad60fc03b946e7ae3836d1fcf3152a,0.4486,남성,69,고졸 이하,광주,60-69,택배원,2,2>1,3,5>5>5,4>4>3,5>5>5,3,4,2,1>2>13,29>34>27,56>57>63,29>1>34,1,3,2,,7,"요즘 날씨가 너무 변덕스러워서 장마철에 좁은 골목길이 물에 잠기거나 산사태 날까 봐 걱정입니다. 그리고 배달 오토바이나 전동 킥보드 같은 것들이 너무 많이 돌아다니는데, 시속 위반하다가 사람 치는 큰 사고가 날 것 같아 위험합니다."
e592ca7ecc72437bb278e1a481ee786a,0.4893,여성,21,대학교 졸업,대구,19-29,무직,2,3>4,3,5>5>5,4>4>4,5>5>5,3,4,2,1>2>9,34>51>29,56>67>57,34>1>51,1,3,2,,10,"AI 기술을 이용한 보이스피싱이나 딥페이크 같은 범죄가 급증하고 있어서, 이를 새로운 유형의 재난으로 지정해 관리가 필요하다고 생각합니다. 또한 1인 가구가 많아지면서 응급 상황 발생 시 신고가 늦어지거나 고립되는 위험도 잠재적인 위험요인이라고 느껴집니다."
0f7c91b5d7954b4da4538951588fe3a7,0.7067,여성,59,고졸 이하,전북,50-59,경리 사무원,2,2>3,3,5>5>5,3>3>3,4>4>5,2,4,2,1>2>9,27>34>29,56>57>68,27>1>34,1,3,2,,1,"동네가 낡아가고 혼자 사는 어르신들도 많은데, 화재나 가스 사고 같은 게 터지면 큰일 나겠다는 걱정이 항상 들어요. 그리고 요즘은 날씨도 이상해서 모르는 전염병이나 기상 재난이 또 닥칠까 봐 불안합니다."
d1f24681e0f44623830828e7d58b125e,1.7323,남성,59,대학교 졸업,경기,50-59,공공행정 사무원,4,2>3,3,5>5>4,4>4>3,5>5>5,3,4,2,2>1>13,34>46>29,56>57>58,2>34>46,1,3,2,0,12,"급속한 개발 이후 관리가 소홀해진 노후 주거지와 기반 시설의 안전 관리 미비가 잠재적 위험요인입니다. 특히 노후 다세대 주택의 구조적 결함과 화재 예방 시스템의 부재가 우려되며, 기후 변화로 인한 집중호우 시 기존 배수 시설의 한계도 문제입니다."
af0f0f5b95a74f6c9aebdbb3ab2e9c3e,1.1815,남성,35,고졸 이하,서울,30-39,그 외 건축 마감 관련 기능 종사원,2,4>2,3,4>4>4,3>3>3,4>4>4,2,4,2,1>15>2,29>34>42,63>56>57,63>34>15,1,3,2,,8,서울에는 노후된 건물이 많아서 큰비가 오거나 지진이 발생하면 무너질 위험이 큽니다. 또 좁은 골목길 때문에 큰 차량이 진입하기 어려워 화재가 나면 대피하거나 진압하기 힘든 상황이 발생할 수 있습니다.
8285a83c8ffe4737af1e15ecab044297,0.5847,여성,30,고졸 이하,전남,30-39,한식 조리사,2,3>2,3,5>4>4,4>4>3,4>4>4,3,4,2,1>2>9,27>34>51,64>57>56,27>1>64,1,4,1,18,0,"요즘 날씨가 너무 이상해서 예측 불가능한 태풍이나 폭우가 자주 발생해서 농작물 피해가 크고, 이로 인해 식재료 값이 급등하는 게 걱정됩니다. 또 병원 일이다 보니 알 수 없는 새로운 전염병이 언제 다시 유행할지 모른는 것도 항상 마음 한구석에 걸려있어요."
0c57c1d441df4e6298b59db30b7d2198,0.6658,남성,26,고졸 이하,강원,19-29,시설 경비원,2,2>4,3,5>5>5,4>4>4,5>5>5,3,5,2,13>1>9,34>27>29,58>56>57,34>13>29,1,4,1,15,,"최근 기상이변으로 인해 산사태나 집중 호우 같은 자연재난이 갈수록 심해질까 봐 걱정됩니다. 또 지역에 고령자가 많은데, 혼자 거주하시는 분들이 갑작스러운 사고나 질병에 놓였을 때 신속하게 대처하지 못하는 점도 위험요인이라고 생각합니다."
1cb23053e77a4e3a8b69da650031625c,0.8982,여성,53,대학교 졸업,광주,50-59,교육 및 훈련 사무원,2,2>3,3,5>5>5,4>4>4,5>5>5,3,4,2,1>2>13,27>29>35,63>56>57,27>1>63,1,3,2,,8,"최근 기후 변화로 인한 폭염과 집중 호우가 예년보다 훨씬 심해지고 있어서, 이로 인한 건강 피해와 도시 침수가 잠재적 위험요인이라고 생각합니다. 또한 인공지능 기술이 발달하면서 보이스피싱 같은 사이버 범죄가 점차 지능화되고 있어서 이런 신종 범죄도 재난 차원에서 관리가 필요하다고 봅니다."
84ce4008b4224b218f06a4232861280e,0.7022,여성,66,고졸 이하,전북,60-69,"전직 자동 재봉설비 조작원, 현재 구직중",2,2>3,3,5>5>5,4>4>4,5>5>5,3,4,2,2>9>1,34>27>29,56>57>58,2>34>27,1,3,2,,1,"요즘은 계절이 제구실을 못 해서 갑작스러운 폭우나 무리한 폭염이 올 때가 많은데, 우리처럼 낡은 연립주택이 이런 날씨를 버텨낼지가 가장 걱정됩니다. 또한 나이가 들면서 혼자 살거나 다칠 때를 대비한 응급 안전 시스템이 더 보급되었으면 좋겠습니다."
3be2cd4c482e4131a6a1cd571a7b3ff7,1.0627,여성,33,대학교 졸업,서울,30-39,무직,2,4>3,3,5>5>4,4>3>3,5>5>5,3,4,2,9>2>1,27>34>29,56>58>60,27>9>34,1,4,1,4,,"기후 위기로 인한 이상 기후, 특히 도시에서의 폭염과 국지성 호우가 갈수록 잦아져 미래의 잠재적 위험요인이 될 것 같습니다. 또한, 비대면 활동이 늘어남에 따라 사이버 테러나 개인정보 침해 같은 디지털 재난도 더욱 정교해질 것이라 우려됩니다."
3e03791d634846f48c019f50461e8bf8,1.1732,여성,33,고졸 이하,경남,30-39,계기 검침원,2,2>3,3,5>5>5,4>4>4,5>5>5,3,4,2,1>2>9,27>29>34,56>57>68,27>1>29,1,4,1,3,,"요즘 핸드폰으로 보이스피싱 전화를 자주 받는데, 이런 사이버 범죄가 재난만큼 사람들의 삶을 망가뜨리는 것 같아 걱정됩니다. 또한 갑자기 쏟아지는 폭우로 인해 골목길이나 반지하 집들이 침수되는 일도 다시는 없었으면 좋겠습니다."
3347ada617454da5b22001f9b7e52e7b,1.1214,남성,64,고졸 이하,인천,60-69,그 외 법률 관련 사무원,2,2>3,3,5>5>5,4>4>4,5>5>5,3,4,4,1>2>14,27>34>35,56>57>61,1>27>34,1,3,2,,1,"건축물이나 사회 기반 시설이 노후화되면서 관리가 제대로 이루어지지 않아 발생할 수 있는 안전 사고, 그리고 기후 변화로 인해 예측하기 힘들어진 태풍이나 폭염 같은 기상 재해가 잠재적 위험요인이라고 생각합니다."
a48cdb8de0f44ea7875205877cd65cee,0.5505,남성,32,고졸 이하,울산,30-39,경리 사무원,2,3>2,3,5>5>5,4>4>4,5>5>5,3,4,2,14>1>2,38>34>35,63>56>57,38>14>63,1,3,2,,9,"날씨가 점점 이상해져서 갑자기 쏟아지는 폭우로 인한 도심 침수가 걱정됩니다. 그리고 회사에서 전산 장부를 관리하다 보니, 금융 전산망 마비 같은 사이버 테러도 잠재적인 위험인 것 같습니다."
e513a1f8516144bb983b62349f0d4b81,1.7593,여성,26,대학교 졸업,서울,19-29,전화 상담원,2,3>4,3,5>5>4,4>4>3,5>5>4,3,5,2,2>9>1,51>27>34,56>57>58,2>51>34,1,3,1,4,0,"최근 AI 기술 발달로 인한 딥페이크 등 디지털 성범죄나 보이스피싱이 점점 정교해지고 있어, 이로 인한 금융·개인정보 피해가 심각할 것이라 우려됩니다. 또한 기후 변화로 인한 도심 집중호우가 반복되면서 반지하 거주지나 지하철 등 침수 위험에 대한 선제적인 관리가 시급하다고 생각합니다."
1d7d484eb43c4529a017edcbd0797c49,0.1062,남성,38,대학교 졸업,세종,30-39,일반 비서,3,3>4,3,5>5>5,4>4>4,5>5>5,3,4,2,1>2>13,34>51>35,63>56>57,34>1>51,1,4,1,3,0,"급격한 기후 변화로 인한 예측 불가능한 국지성 호우와, 스마트 시설 증가에 따른 사이버 보안 위협이 잠재적 위험요인이라고 생각합니다."
ee118d18a2e64c67bfee6dd133031df8,0.5902,여성,42,대학교 졸업,경북,40-49,조사 전문가,3,3>2,3,5>5>5,4>4>4,5>5>5,2,5,2,14>1>13,27>34>51,57>56>58,14>1>27,1,3,2,,3,"급격한 기후 변화로 인한 예측 불가능한 집중호우와 도심 홍수, 그리고 전 산업 분야의 데이터화로 인한 사이버 테러 및 개인정보 유출 사고가 잠재적 위험요인이라고 생각합니다."
a7fe320bf86e4f87ae39f01ae6db0a4a,1.3668,여성,50,고졸 이하,서울,50-59,무직,2,2>3,3,5>5>5,3>3>3,4>4>4,3,4,2,1>2>13,27>34>29,56>58>57,1>34>27,1,3,2,0,7,"최근 기상이변이 심해서 예측하기 힘든 국지성 호우로 인한 도시 침수가 걱정됩니다. 또한, 배달 음식을 자주 먹는데 식품 위생이나 원산지 관련된 문제도 잠재적인 위험으로 느껴져요."
cdf46062b00d41b4992e5a2a62d042a1,0.1523,남성,26,대학교 졸업,세종,19-29,상품 기획자,3,3>4,3,5>5>5,4>4>4,5>5>5,3,5,2,1>2>9,27>51>42,56>57>58,27>51>1,1,4,1,7,0,"급변하는 기술 환경 속에서 AI 기반의 보이스피싱, 딥페이크 등 디지털 범죄가 기존의 치안 재난을 넘어 사회적 위협으로 커지고 있어 이를 선제적으로 관리할 필요가 있습니다. 또한 기후변화로 인한 예측 불가능한 기상 이변, 특히 도시 침수를 유발하는 국지성 집중호우에 대한 대비가 시급합니다."
e9606eb674d446d1861df4469dc0daaa,1.8155,남성,49,고졸 이하,경기,40-49,건물 청소원,2,2>3,3,5>5>5,4>4>4,5>5>5,3,4,2,2>1>14,27>34>35,56>57>63,27>34>2,1,3,2,,1,요즘 날씨가 너무 이상해서 예측 불가능한 태풍이나 홍수가 자주 발생하는 게 위험합니다. 또한 우리 동네처럼 노후된 아파트가 많은 곳은 가스 사고나 건물 노후화로 인한 사고도 미리 철저히 관리해야 할 것 같습니다.
48a0bb2080ab496090b9e63aca94e91e,0.8217,남성,46,대학교 졸업,대구,40-49,금속공학 기술자 및 연구원,4,2>3,3,5>5>5,4>4>4,5>5>5,3,4,3,1>2>9,36>35>34,63>56>57,36>63>1,1,4,1,4,,"최근 기후 변화로 인한 폭염과 국지적 호우가 예전보다 잦아진 점이 우려되며, 노후화된 산업단지 내 설비에서 발생할 수 있는 가스나 화학 사고에 대한 선제적인 관리가 필요하다고 생각합니다."
f37911422fac4ba695e02dc6fe746fe2,1.0769,여성,62,고졸 이하,부산,60-69,무직,2,2>1,3,5>5>5,4>4>4,5>5>5,3,4,2,1>2>9,27>34>29,68>57>61,1>27>34,1,3,2,,1,"요즘 날씨가 예전 같지 않아서 갑자기 쏟아지는 비로 인한 골목길 침수나 집 무너짐이 걱정됩니다. 또 스마트폰 배우는 어르신들이 많은데, 전화 걸어서 돈만 보내라는 그런 보이스피싱 사기도 재난처럼 무섭게 느껴집니다."
a7bcbd3d03b24c53be1eb9588858dd0a,1.7663,남성,66,고졸 이하,경기,60-69,음식 배달원,1,2>3,3,5>5>5,4>4>4,5>5>5,3,4,1,1>2>9,27>29>34,56>57>68,27>1>2,1,4,1,3,,"요즘 스마트폰으로 목소리를 흉내 내어 돈을 뜯어가는 보이스피싱 같은 범죄가 점점 기술적으로 고도화되어 걱정입니다. 또한, 날씨가 갈수록 이상해져서 한겨울에 폭설이 오거나 여름에 혹서기가 길어지면 밖에서 일하는 사람들이 많이 위험할 것 같습니다."
921b101d14da4ca1abd4816967844795,0.6606,남성,60,고졸 이하,충북,60-69,식품 영업원,2,2>3,3,4>4>4,3>3>3,4>4>4,3,4,2,1>2>9,27>34>29,64>57>56,27>1>34,1,4,2,,1,갑작스러운 기상 이변으로 인한 국지성 호우가 오래된 골목길과 주택가를 덮쳐 생명과 재산에 큰 피해를 입히는 일이 우려됩니다.
d0c4b90e145f460d9406346a1fd65d83,0.7788,여성,19,고졸 이하,경북,19-29,무직,2,4>2,3,4>4>5,3>3>4,4>4>5,4,4,2,9>1>13,27>34>51,68>56>57,27>51>68,1,4,1,15,,"할머니, 할아버지처럼 스마트폰을 잘 다루지 못하는 어르신들을 겨냥한 디지털 범죄나 보이스피싱이 점점 늘어나고 있는데, 이런 것들이 재난처럼 큰 피해를 줄 수 있는 위험 요인이라고 생각합니다."
105a7151a3c24548b1d35433dfddd5ba,0.4893,여성,27,고졸 이하,대구,19-29,무직,2,4>2,3,4>4>5,3>3>4,4>4>5,2,4,2,9>1>2,27>34>51,56>57>58,27>34>9,1,3,1,4,0,요즘 여름에 너무 덥거나 장마 때 비가 갑자기 많이 와서 무서워요. 그리고 핸드폰으로 하는 보이스피싱 같은 사이버 범죄도 점점 늘어나는 것 같아서 걱정이에요.
18f0f92fa1f341ab90996c1333ec336d,0.9858,남성,57,고졸 이하,대구,50-59,무직,2,2>4,3,4>4>5,4>4>4,4>5>5,3,4,2,1>2>9,27>34>35,56>57>68,27>34>1,1,3,2,,8,"요즘 날씨가 너무 덥거나 비가 갑자기 쏟아지는 일이 잦아서, 오래된 우리 아파트가 버티지 못할까 봐 걱정됩니다. 또 동네에 혼자 사는 어르신들이 많은데, 혹시라도 위급 상황이 생겼을 때 바로 알 수 있는 시스템이 더 필요한 것 같습니다."
4c5d8deee05c4d25b7c33dbadf632dbf,0.6779,여성,68,고졸 이하,강원,60-69,무직,1,2>1,3,5>5>5,4>4>4,5>5>5,3,5,2,13>2>5,33>27>34,58>68>62,33>13>27,1,3,1,15,0,"요즘 날씨가 너무 이상해서 장마철에 산에서 산사태가 날까 봐 겁나고, 마을에 노인네들이 너무 많아서 불이 나거나 응급 상황일 때 대처하기 어려울 것 같아요."
eb0b98ac57de40c5a36dffd0e6b43d06,0.5007,여성,24,대학교 졸업,제주,19-29,청원경찰,3,3>4,3,5>5>4,4>4>3,5>5>4,3,5,4,1>2>13,27>34>51,56>59>57,1>27>34,1,4,1,15,0,"기후 변화로 인해 제주 지역의 예측 불가능한 태풍과 국지성 호우가 잦아지고 있어, 이에 따른 해안 침식 및 도시 침수 피해가 잠재적 위험 요인이라고 생각합니다. 또한 디지털 기술의 발달과 함께 1인 가구를 겨냥한 지능형 보이스피싱 등 사이버 범죄가 점차 정교해지고 있어 이에 대한 관리도 필요하다고 느낍니다."
515cd3db4e2a46de96651c6ec950cc3a,0.2050,여성,52,고졸 이하,세종,50-59,음식 서비스 종사원,2,2>3,3,5>5>5,3>3>3,4>4>4,3,4,2,1>2>9,27>34>29,64>56>57,27>1>64,1,4,1,4,,"날씨가 점점 이상해져서 여름엔 너무 더워고 장마엔 비가 너무 많이 와, 식중독이나 수인성 전염병이 발생할까 봐 제일 걱정됩니다."
065f5cfcc24844b2b324f43c3fcae6a2,1.8749,남성,28,대학교 졸업,경기,19-29,생산관리 사무원,3,3>4,4,5>5>4,4>4>4,5>5>5,3,5,2,1>3>13,51>50>42,63>56>57,51>63>1,1,3,1,15,,"스마트 팩토리와 자동화 시스템의 의존도가 높아짐에 따라, 사이버 테러나 AI 시스템의 오작동으로 인한 대규모 산업 재해 및 정보 유출이 잠재적 위험요인이라고 생각합니다."
ec31ab6b1bb847189d07f25d24d4d876,0.9468,여성,52,고졸 이하,인천,50-59,무직,2,2>3,3,5>5>5,4>4>4,5>5>5,3,4,2,1>2>9,27>34>29,56>57>58,27>34>1,1,3,2,0,8,"요즘 여름 날씨가 너무 덥고 길어져서, 노후화된 아파트에 사는 어르신들에게는 폭염이 큰 재난이 될 것 같습니다. 그리고 스마트폰을 이용한 보이스피싱 같은 사기가 너무 교묘해져서, 우리 부모님 세대처럼 정보에 약한 분들이 피해를 보는 걸 막기 위한 기술도 중요할 것 같습니다."
63c65c53ee674137a317a0b3f3aa23c4,0.9968,남성,65,고졸 이하,경남,60-69,그 외 기계 조작원,2,2>4,3,5>5>5,3>4>3,4>4>4,3,4,2,1>2>9,34>35>38,56>57>58,1>34>56,1,3,2,,17,"요즘 날씨가 너무 덥거나 추워서 갑자기 쓰러지는 노인들이 많은데, 이런 날씨 때문에 생기는 사고도 위험한 것 같습니다. 그리고 우리 동네 공단 안에 있는 공장들이 오래되어서 가스가 새거나 불나는 일이 걱정됩니다."
cdf56c2aa8bb4d3193efb54e14cc54fc,1.6703,여성,36,대학교 졸업,경기,30-39,온라인 쇼핑 판매원,2,3>4,3,5>5>5,4>4>4,5>5>5,3,4,2,1>2>9,27>34>51,56>57>58,27>1>34,1,4,1,4,,"최근 인공지능 기술이 발달하면서 이를 악용한 보이스피싱이나 딥페이크 등의 범죄가 기존의 형태와 달리 매우 교묘하고 정교해지고 있습니다. 이는 개인의 재산뿐만 아니라 사회적 신뢰를 무너뜨릴 수 있는 수준으로 확대될 가능성이 있어, 새로운 유형의 사회재난으로 관리할 필요가 있다고 느낍니다."
c517ab8061f64981beb9e968c62a3a49,0.4494,여성,37,대학교 졸업,울산,30-39,비상 발전기 설치 및 정비원,2,3>4,3,5>5>5,4>4>4,5>5>5,3,4,2,1>2>9,38>34>35,63>57>56,38>63>34,1,2,2,,9,"제가 일하는 현장에서 보면 노후화된 전력 설비들이 많은데, 기후 변화로 인한 폭우나 폭염에 제대로 대응하지 못해 대규모 정전 사고로 이어질 가능성이 큽니다. 또한 공장들이 스마트화되면서 산업 제어 시스템에 대한 사이버 테러나 해킹이 실제적인 재난 위협이 될 수 있다고 생각합니다."
6abf434a7c3a487d97b4614283fbd531,0.9701,여성,59,고졸 이하,충북,50-59,단말기 및 통신 서비스 판매원,2,2>3,3,5>5>5,4>4>4,5>5>5,4,5,2,13>2>1,51>27>34,56>57>58,51>13>34,1,4,1,4,,"요즘 스마트폰을 이용한 보이스피싱이나 금융 사기가 너무 기승을 부려서, 이걸 잡아내는 기술이 재난 안전만큼이나 시급하다고 생각해요. 그리고 우리 동네처럼 산이 많은 곳은 갑작스러운 국지성 호우로 인한 산사태 위험이 큰데, 이를 미리 알려주는 기술도 필요한 것 같아요."
1052050497b14c109ab57f58aee25df9,1.7742,여성,61,고졸 이하,경기,60-69,무직,2,2>4,3,5>5>5,4>4>4,5>5>5,3,5,2,1>2>9,34>42>27,56>57>58,34>1>42,1,3,2,,7,"화성시가 개발되면서 차가 많이 늘어나 교통사고 위험이 크고, 고령화로 인해 혼자 사는 어르신들이 안전사고를 당할까 봐 걱정됩니다. 또한 여름철 폭염과 미세먼지로 인한 건강 피해도 점점 심각해지는 것 같아요."
da40de9c5ec441f5aea92810f538bc8d,1.7663,남성,63,대학교 졸업,경기,60-69,무직,2,2>1,3,5>5>4,4>4>3,5>5>5,3,4,2,2>1>13,34>35>29,56>57>58,34>2>1,1,3,1,4,,아파트가 노후화되면서 배관이나 전기시설 문제로 큰 사고가 날까 봐 걱정됩니다. 또한 요즘처럼 날씨가 너무 더워지거나 갑자기 장마가 오면 건강이나 집 안에서의 사고 위험도 커질 것 같습니다.
f5f09046b35a4e45afef6a52e91adbaf,1.7593,여성,28,대학교 졸업,서울,19-29,무직,2,3>4,3,5>4>5,4>3>3,5>5>4,3,4,2,2>13>9,27>34>51,56>67>57,27>2>34,1,3,2,,2,"기후 변화로 인한 집중호우와 폭염 같은 이상 기후가 노후화된 도심 주거지, 특히 취약 계층이 밀집한 지역에 미칠 피해가 우려되어 선제 관리가 필요하다고 생각합니다. 또한, 급속히 고령화되는 사회에서 독거 노인 등 안전 취약계층의 일상생활 내 위험 요인들도 재난 차원에서 새롭게 인지하고 대비해야 할 것입니다."
d3ff31e01a664fa9928baacef8884ef2,0.7338,여성,51,고졸 이하,울산,50-59,그 외 제조 관련 단순 종사원,2,2>4,3,5>5>5,4>4>4,5>5>5,3,5,2,1>2>9,34>35>38,63>57>56,1>34>63,1,3,2,,8,요즘 날씨가 너무 이상해서 갑자기 쏟아지는 폭우나 폭염으로 인해 오래된 집이나 골목이 무너질까 봐 제일 겁이 납니다. 그리고 미세먼지 같은 환경오염이 아이 건강에 미칠 영향도 점점 심각해지는 것 같아 걱정됩니다.
446daa68365e4791a92cad13de84a8d4,0.7396,여성,65,고졸 이하,전남,60-69,그 외 공예원,2,2>1,3,5>5>5,3>3>4,4>4>5,2,4,2,1>2>13,27>34>29,57>58>68,1>34>27,1,4,1,15,,요즘 날씨가 너무 덥고 급변해서 혼자 사는 노인들이 건강을 잃고 쓰러지는 일이 큰 재난이 될 것 같습니다. 그리고 갑자기 쏟아지는 폭우 때문에 오래된 집들이 무너지거나 산에서 물이 내려오는 것도 점점 더 무서워지고 있습니다.
1ff21bdecdf549aea6e0251b72f3b1b0,0.8915,남성,41,고졸 이하,인천,40-49,택배원,2,2>3,3,5>5>5,4>4>4,5>5>5,3,5,2,1>2>9,29>34>27,56>57>63,29>1>34,1,3,2,,7,요즘 도로 위에서 전동 킥보드나 전동 휠 같은 개인형 이동장치를 배려 없이 타는 사람들이 많아서 대형 교통사고가 날까 봐 항상 조심합니다. 또한 기후 변화로 인해 예고 없이 갑자기 쏟아지는 집중 호우 같은 날씨도 점점 더 잦고 위험해지는 것 같아서 걱정입니다.
35f4acdd95ba48979c126171ff8cd99a,1.3315,남성,28,고졸 이하,경남,19-29,건축자재 영업원,2,2>3,3,4>4>5,3>3>4,4>4>5,3,4,2,1>2>13,34>29>27,63>56>57,1>34>46,1,3,1,3,,요즘 길거리에서 전동 킥보드나 개인형 이동장치를 무단으로 타고 다니는 사람들이 많아 교통사고 위험이 크다고 느낍니다. 또한 저희 동네처럼 노후된 주택과 건물들이 많은 곳은 낡은 시설물로 인한 사고도 걱정되는 부분입니다.
46fc776c2bee459a94bf3ca9f58d4e26,0.8518,남성,62,고졸 이하,경북,60-69,노점 및 이동 판매원,2,2>1,3,5>5>5,4>4>4,5>5>5,3,4,2,1>2>9,34>27>29,57>64>58,1>27>34,1,3,2,,7,"요즘 갑자기 쏟아지는 국지성 호우가 장사하는 노점에 큰 피해를 줄까 봐 걱정되고, 스마트폰을 많이 쓰는 노인들을 겨냥한 보이스피싱 사고도 점점 교묘해져서 위험한 것 같습니다."
c0fcef8d8cbe4528963588f817cccc6d,0.3797,남성,40,고졸 이하,제주,40-49,우편집배원,2,2>3,3,5>5>5,4>4>4,5>5>5,4,5,2,1>2>4,29>34>27,57>61>56,1>29>2,1,3,2,0,1,제주도로 몰리는 렌터카와 교통량 증가로 인한 도로교통사고 위험이 점점 커지고 있다고 생각합니다. 또한 최근 기후 변화로 갑작스러운 국지성 호우나 폭염이 심해져서 야외 근무자의 안전을 위협하는 것이 재난으로 관리되었으면 합니다.
e21ba765a9a9418d97e11b4e43366c44,0.9399,남성,58,대학교 졸업,인천,50-59,소규모 상점 경영자,2,2>3,3,5>5>5,4>4>4,5>5>5,3,4,2,1>2>9,34>27>29,56>57>60,34>1>27,1,4,1,3,,요즘 날씨가 너무 변덕스러워서 갑작스러운 집중호우가 오면 가게가 침수될까 봐 제일 겁납니다. 그리고 동네 건물들이 다 낡아서 화재가 나면 걷잡을 수 없는 큰 사고가 날 것 같아 항상 마음이 쓰입니다.
ba6fed1aff5a4b8eac0fb393fff86f7d,1.8749,남성,27,대학교 졸업,경기,19-29,금속공학 기술자 및 연구원,3,3>4,3,5>5>4,4>4>4,5>5>5,3,5,1,14>13>1,34>35>51,63>56>57,27>34>63,1,4,1,4,0,"기후변화로 인한 폭염과 급격한 도시화로 인한 열섬현상이 거주지 안전을 위협할 수 있습니다. 또한, 제가 연구하는 재활용 합금과 같은 새로운 산업 소재들이 환경에 미칠 장기적인 잠재적 위험요인에 대한 데이터가 부족하므로 이에 대한 선제적 관리가 필요하다고 생각합니다."
201755791b984ed795a8e6d61c16aaec,0.9858,남성,59,대학교 졸업,대구,50-59,온라인 쇼핑 판매원,2,2>3,3,5>5>5,4>4>4,5>5>5,3,4,2,9>1>13,51>29>34,56>57>58,9>51>29,1,3,1,4,,"요즘 기후 변화로 인한 이상 기후, 특히 대구 같은 내륙 도시의 폭염이 점점 심해지는 것이 걱정됩니다. 또한 전기차 보급이 늘어나면서 아파트 지하 주차장 등에서 발생할 수 있는 화재 사고도 잠재적인 위험 요인이라고 생각합니다."
3d75af0716554d729202d174068262c0,1.2120,여성,65,고졸 이하,충남,60-69,무직,1,2>1,3,5>5>5,4>4>4,5>5>5,3,5,1,2>3>9,27>34>51,57>62>68,27>2>34,1,4,1,15,0,"요즘 날씨가 너무 덥거나 장마철에 비가 갑자기 쏟아지는 등 예사롭지 않아서 기상 변화에 따른 재난이 걱정되고, 스마트폰을 쓰는 어르신들이 늘어나면서 보이스피싱 같은 범죄도 점점 더 교묘하고 심각해지는 것 같습니다."
a630283628574b2eb2678a96ad66766f,0.7387,남성,26,고졸 이하,충북,19-29,그 외 스포츠 및 레크리에이션 관련 전문가,2,4>3,3,4>4>5,3>3>4,4>4>5,3,4,2,1>9>2,27>42>29,58>56>57,27>1>42,1,4,1,4,,"기후 변화로 인한 폭염 등 이상 기후가 잦아져 야외 활동이 힘들어지는 점과, AI 기술을 이용한 보이스피싱 등 지능형 범죄가 점점 더 교묘해지고 있는 점이 잠재적 위험요인이라고 생각합니다."
962307fdd3bc49419d7c54e6accab8ec,1.8155,남성,49,대학교 졸업,경기,40-49,노점 및 이동 판매원,2,2>3,3,5>5>5,4>4>4,5>5>5,3,4,2,2>9>1,27>34>29,56>57>68,9>2>27,1,4,1,4,0,"최근 기후 변화로 인한 예측 불가능한 폭우나 폭염이, 야외에서 일하는 저와 같은 사람들에게는 가장 큰 잠재적 위험요인으로 다가옵니다. 또한 고령화 사회로 접어들면서 재난 상황 발생 시 대피가 어려운 독거 어르신들에 대한 선제적인 보호 대책도 사회적 차원에서 재난으로 관리되어야 한다고 생각합니다."
876f75b28fd344a59e7aa4501e845624,1.8749,남성,20,대학교 졸업,경기,19-29,건물 내 전기 설치 및 정비원,2,4>3,3,5>5>5,4>4>4,5>5>5,3,5,2,2>1>14,34>38>35,57>63>56,34>2>57,1,3,2,,8,공장 지역의 노후된 전기설비로 인한 화재 위험이 큽니다. 또한 무인 자동화 기계가 늘어나면서 고장 시 대처하지 못해 사고로 이어질 가능성도 있어 보입니다.
b0589b9b7319443a95e2c535ed30a7e5,0.5767,여성,23,대학교 졸업,전남,19-29,상담 전문가,2,3>4,3,5>5>5,4>4>4,5>5>5,3,5,2,1>20>2,27>34>51,61>56>68,1>27>34,1,3,2,,4,"기후 변화로 인한 해안 침수와 같은 지역적 재난 위험 증가와, 현대 사회의 고립감과 스트레스가 초래하는 집단 심리 위기가 향후 중요한 관리 대상이 될 것이라고 생각합니다."
6dffcbb25da547879f05d514c3a5246a,1.5626,남성,22,고졸 이하,서울,19-29,프레스기 및 절단기 조작원,1,3>4,3,4>4>4,3>3>3,4>4>4,2,4,2,2>1>9,34>29>35,63>56>57,63>34>2,1,3,2,,8,최근 기후 변화로 인해 예측 불가능한 국지성 호우가 자주 발생하여 도로 침수나 반지하 참사 같은 일이 다시 일어날까 봐 걱정됩니다. 또한 저처럼 다세대주택과 노후화된 건물이 밀집한 지역에서는 가스 폭발이나 화재 같은 사고 위험이 항상 도사리고 있다고 생각합니다.
f24ed083a5f3456abe36745a03055b7f,0.4873,여성,61,고졸 이하,광주,60-69,그 외 서비스 관련 단순 종사원,1,2>3,3,5>5>5,4>4>4,5>5>5,3,4,2,1>2>13,34>27>35,56>57>60,34>1>27,1,4,1,4,,"건물이 오래되면 내부의 전기나 가스 배선이 나빠져서 화재가 날까 봐 제일 겁나고, 요즘은 여름에 너무 더워서 어르신들이 쓰러지는 폭염 재난도 걱정됩니다."
7a6ba5f97180425983a1e9d6a9925dec,1.8362,남성,31,대학교 졸업,경기,30-39,무직,2,4>3,3,4>4>5,3>3>4,4>4>5,2,4,2,1>2>14,34>27>51,57>56>60,34>1>57,1,3,2,,8,요즘 유튜브나 뉴스에서 보면 AI 기술을 이용한 보이스피싱이나 딥페이크 같은 사이버 범죄가 너무 정교해져서 일반인은 속출 수가 없을 것 같아요. 그리고 우리 동네처럼 오래된 주택이나 상가가 많은 곳은 낡은 전기 배선 때문에 화재가 날까 봐 항상 조심스럽더라고요.
a633766c7f7b440cb636b7248333f162,0.6658,남성,22,대학교 졸업,강원,19-29,학습지 방문강사,2,4>3,3,4>4>4,3>3>3,4>4>4,2,4,2,13>2>9,29>27>51,56>57>58,29>13>27,1,4,1,15,0,"요즘 이동수단으로 전동 킥보드나 배달 오토바이를 많이 쓰는데, 도로에서 이들과 사고 날 위험이 점점 커지는 것 같습니다. 또한 기후 변화로 갑작스러운 폭우나 폭설이 예고 없이 덮칠 때 대비가 부족한 것 같아 걱정됩니다."
9dad7b1e21874f71945247905e0930d4,0.9468,여성,58,고졸 이하,인천,50-59,보험 사무원,2,2>3,3,5>5>5,4>4>4,5>5>5,3,5,1,1>2>9,27>34>51,56>57>58,1>27>34,1,4,2,,1,요즘 같이 기후가 변하면 예측하기 힘든 태풍이나 폭우로 인한 아파트 지하 침수가 걱정됩니다. 그리고 노후화된 가스 배관이나 전기 시설로 인한 사고도 미리 챙겨야 할 것 같습니다.
2295b60c98c64e7ead8231693e547337,0.6229,남성,33,대학교 졸업,강원,30-39,공공행정 사무원,3,5>3,3,5>5>5,4>4>4,5>5>5,2,4,2,13>2>1,33>27>29,58>62>59,13>33>58,1,4,1,15,0,기후변화로 인한 집중호우가 산사태와 소하천 범람을 일으켜 인명 피해로 이어질 위험이 큽니다. 또한 고령화된 농촌 지역 특성상 재난 발생 시 신속한 대피와 정보 전달이 어려운 점이 잠재적 위험 요인입니다.
42c97fa38c3f42939dc01a57699da45d,1.9614,여성,41,대학원 졸업,경기,40-49,교육 연구관 및 교육 연구사,3,3>5,3,5>5>5,4>4>4,5>5>5,3,4,2,1>2>9,27>42>34,56>57>58,27>42>1,1,3,2,,10,디지털 기술과 AI를 악용한 딥페이크 성범죄 등이 연령과 성별을 불문하고 개인의 인생을 파괴할 수 있는 심각한 위협으로 대두되고 있습니다. 또한 교육 현장에서 물리적으로 발견하기 어려운 사이버 폭력과 디지털 중독 문제도 새로운 사회적 안전 위험 요인으로 관리될 필요가 있습니다.
5d1c308cd5d54a689abea62a8579b46f,1.6703,여성,32,대학교 졸업,경기,30-39,보육 관련 시설 서비스 종사원,2,3>2,3,5>5>5,4>4>4,5>5>5,3,4,2,1>2>9,27>34>42,56>64>59,27>34>1,1,3,2,,7,급격한 기후 변화로 인한 돌발적인 기상 이변들이 잦아지고 있어 이에 대한 기술적 대비가 시급하다고 느낍니다. 또한 IT 기술 발달에 따른 디지털 성범죄나 사이버 테러와 같은 새로운 유형의 사회적 위협도 재난으로 분류해 관리할 필요가 있습니다.
f5c21cdaa4e64f41bf720783b7e99d74,0.7090,남성,63,고졸 이하,전북,60-69,무직,1,2>3,3,4>4>5,3>3>3,4>4>4,2,4,2,1>2>9,34>27>46,56>58>57,34>2>27,1,3,2,,8,"내가 즐겨 찾는 낡은 골목과 건물들이 너무 낡아서, 화재가 발생하면 좁은 길 때문에 대피가 힘들고 피해가 클까 봐 걱정된다. 또한 갑작스러운 집중호우로 인해 오래된 주거지가 침수되는 것도 큰 위험 요인이라고 생각한다."
e416df7eabc340cab61623c7af700948,0.8982,여성,53,고졸 이하,광주,50-59,무직,2,2>1,3,5>5>5,4>4>4,5>4>4,3,4,1,1>2>9,27>34>29,57>56>60,1>27>34,1,4,1,7,,"날씨가 점점 더워지고 장마철에 비가 갑자기 쏟아져서, 집중호우나 폭염 같은 기상 재난이 걱정돼요. 또한 인구가 고령화되면서 혼자 사는 어르신들이 안전사고를 당하는 일도 늘어날 것 같아 걱정됩니다."
1e609c3cbc0149a68b047dd25ddca1a7,1.2104,여성,54,대학교 졸업,충남,50-59,통계 사무원,2,3>2,3,5>5>5,4>4>4,4>5>4,3,5,4,1>2>22,50>27>34,57>56>61,1>27>50,1,4,2,,1,"서산은 해안가 지역이라 기상이변으로 인한 태풍과 폭우 피해가 해마다 심각해지는 것 같아 우려됩니다. 또한 금융권에서 일하면서 느끼는 점은, AI 기술을 악용한 보이스피싱과 같은 사이버 범죄가 점점 정교해지고 있어 이를 사회적 재난으로 관리할 필요가 있다고 생각합니다."
f9c107b2478c41faa5f84f97663ae672,1.2465,여성,49,고졸 이하,대구,40-49,관광버스 운전원,2,2>3,3,5>5>5,4>4>4,5>5>5,4,5,2,1>2>5,29>34>27,56>57>58,1>29>2,1,4,2,,1,최근 기후가 변해서 도로 위에서 갑자기 쏟아지는 국지성 호우나 폭우를 만나면 대형 사고로 이어질까 봐 가장 두렵습니다. 그리고 우리처럼 아파트에 사는 사람들은 노후된 배관으로 인한 가스 폭발이나 화재 같은 사고도 항상 조심스러운 부분입니다.
e2fc2b78e5c64d26b935ece6c286a7ae,0.5118,남성,50,고졸 이하,충북,50-59,교육 및 훈련 사무원,2,2>3,3,4>4>4,3>3>3,4>4>4,3,4,2,1>2>9,27>34>39,64>63>56,27>64>1,1,4,1,4,0,"최근 기후 변화로 인해 예측하기 힘든 국지성 호우나 폭염이 자주 발생하고 있어서 이에 대한 대비가 시급하다고 생각합니다. 또한, 고령화로 인해 건강 관련 문제가 커지는 만큼 신종 바이러스나 전염병 같은 보건 위험 요인도 재난 차원에서 더 철저히 관리해야 한다고 봅니다."
53b8310dd74d4698b53d6be2a25cc3fd,1.7154,여성,52,대학교 졸업,경기,50-59,치과 일반 의사,2,2>3,3,5>5>5,4>4>4,5>5>5,3,4,2,1>9>13,27>29>34,56>57>58,27>1>29,1,4,1,4,0,"평소 진료를 보며 노약자 환자들이 많은데, 기후 변화로 인한 폭염이나 미세먼지 같은 환경적 요소가 건강에 미치는 영향이 점점 커지는 것 같아 우려됩니다. 또한 거주지 주변의 노후화된 시설에서 발생할 수 있는 안전사고도 잠재적 위험으로 생각합니다."
b9621392b1ca4550bf3d739abe87ffb5,0.6476,여성,31,대학교 졸업,대구,30-39,마케팅 전문가,2,3>2,3,5>5>5,4>4>4,5>5>5,3,4,2,9>2>1,27>54>34,56>58>59,27>54>9,1,4,1,4,0,"급격한 기술 발전에 따른 딥페이크나 AI 보이스피싱 같은 신종 디지털 범죄, 그리고 기후 위기로 인한 예측 불가능한 기록적 폭염과 도시 내 집중호우가 심각한 잠재적 위험요인이라고 생각합니다."
7249f6badc0d4931af4e0139ffef8c86,1.7323,남성,53,대학교 졸업,경기,50-59,산업 안전원,3,3>2,3,5>5>4,4>4>4,5>5>4,3,5,2,1>2>9,34>38>29,63>57>56,63>34>38,1,4,1,4,,"급속한 고령화로 인해 가정 내 노인들의 안전사고나 산업현장 고령 근로자의 재해 위험이 커지고 있어 이를 사회적 재난으로 관리해야 할 것 같습니다. 또한, 기후변화로 인한 예측 불가능한 기상 이변이 도시 생활에 미치는 영향도 점차 커지고 있습니다."
bb2b2a79fda54313bceaebd8692ca2f2,0.7090,남성,63,고졸 이하,전북,60-69,지게차 운전원,2,2>4,3,5>5>4,4>4>4,5>5>4,3,5,2,1>2>9,34>35>27,63>56>57,34>1>63,1,4,1,4,,"요즘 스마트폰을 이용한 보이스피싱 같은 범죄가 노인들에게 위험하고, 낡은 건물이나 시설들이 많아져서 혹시라도 큰 화재가 나거나 무너지는 사고가 걱정됩니다."
220ebe1e5d934924b33543758d375007,0.9605,여성,60,고졸 이하,대구,60-69,사무 보조원,2,2>3,3,5>5>5,4>4>4,5>5>5,3,4,2,9>1>2,34>27>29,56>57>58,34>9>56,1,4,1,4,0,"요즘 기상이변으로 여름이 너무 더워져서 노인들이나 애들이 열사병에 걸릴까 봐 걱정돼요. 그리고 우리 집처럼 고령자가 사는 가정이 늘어나면서, 집안이나 길거리에서 넘어지거나 하는 생활 속 안전사고도 큰 위험인 것 같아요."
8da0d125d0dc49769b4866baa37ea2cd,1.7323,남성,56,대학교 졸업,경기,50-59,무직,2,2>3,3,5>5>5,4>4>4,4>4>4,3,4,1,2>3>9,34>35>29,56>57>68,34>2>56,1,4,2,,1,아파트가 노후화되면서 전기나 가스 설비 등의 고장으로 인한 화재 위험이 점점 커지는 것 같습니다. 또한 요즘은 기상이변으로 인한 집중호우가 잦아져서 하천이나 지하도 범람에 대한 대비도 더 필요하다고 생각합니다.
0b48e582187f4b3a9df333471086454f,0.8301,여성,65,고졸 이하,경북,60-69,무직,2,2>1,3,5>5>4,4>4>3,5>5>4,3,4,2,9>1>13,27>34>42,68>57>56,27>9>34,1,4,1,7,,"날씨가 점점 변덕을 부려서 여름엔 너무 덥고 겨울엔 추워져, 집안의 늙은 부모님과 어린 손주들이 건강을 못 하고 아플까 봐 제일 겁납니다. 그리고 우리처럼 오래된 다세대 주택에서는 가스 불이나 전기 때문에 화재가 나는 일도 항상 마음이 쓰입니다."
3d455c7388604ab5833582a1dd2a3023,1.0423,여성,56,대학교 졸업,경남,50-59,일반 간호사,2,2>3,3,5>4>5,4>4>4,5>5>5,3,4,2,1>2>9,27>34>35,56>57>58,27>34>1,1,4,1,3,0,"최근 기후 변화로 인한 폭염과 미세먼지가 고령 환자들에게 심각한 건강 위협이 되고 있어, 이를 건강 재난 차원에서 관리해야 한다고 생각합니다. 또한 배달 이륜차나 전동 킥보드 등이 급증하면서 골목길에서의 교통사고 위험이 예전 같지 않게 높아졌습니다."
14084081d87548c5b25ae89181b8c60d,1.6841,여성,49,대학교 졸업,서울,40-49,무직,2,3>2,3,5>5>5,4>4>4,5>5>5,3,4,2,1>2>9,27>34>29,56>57>60,27>1>34,1,4,1,4,,"도심에서 빈번하게 사용되는 전동 킥보드 등 개인형 이동장치의 배터리 화재 위험이 잠재적 재난 요인으로 보입니다. 또한, 고층 아파트 밀집 지역의 특성상 건축물 노후화에 따른 안전 사고도 선제적으로 관리되어야 한다고 생각합니다."
a1a9ec962a6a4fb4b847f32c6256bed9,0.4514,남성,58,대학교 졸업,제주,50-59,청소년 지도사,2,2>3,3,5>5>5,4>4>4,5>5>5,3,4,2,1>2>13,27>34>29,58>59>56,1>27>34,1,3,2,0,4,기후 변화로 인해 예측이 어려운 집중호우나 돌발적인 태풍이 시골 마을의 오래된 주택과 공방 시설을 위협할 가능성이 큽니다. 또한 청소년들의 스마트폰 과몰입과 사회적 고립 같은 정신적 문제가 장기적으로는 지역사회 안전의 잠재적 위험요인이 될 수 있어 선제적인 관리가 필요하다고 봅니다.
9449fa524a9f44b28f34c5aa0c7c87d8,0.2162,여성,33,대학교 졸업,세종,30-39,무직,3,3>5,3,5>5>4,4>4>3,5>5>4,3,4,2,1>9>13,27>34>29,56>57>59,27>1>34,1,4,1,4,,"급증하는 미세먼지와 기후 변화로 인한 이상 기후가 국민 건강에 미치는 영향이 커지고 있어, 이를 환경재난 차원에서 더 적극적으로 관리해야 합니다. 또한, 초고령 사회로 진입함에 따라 독거 노인이나 취약계층의 안전사고와 방치를 예방하기 위한 IoT 기반의 돌봄 시스템 등도 중요한 잠재적 위험 관리 대상이 될 것입니다."
62b44232635a407f956226f8b48d6e56,0.7917,여성,40,대학교 졸업,전남,40-49,무직,4,3>2,3,5>5>5,4>4>4,5>5>5,3,5,2,1>13>2,34>35>46,56>57>58,1>34>13,1,4,1,15,,"기후 변화로 인해 예측하기 힘든 집중호우와 태풍이 점점 강해지고 있어, 이로 인한 도시 침수와 산사태 위험이 가장 걱정됩니다. 또한 노후화된 아파트와 주택 시설에서 발생할 수 있는 가스나 화재 사고도 선제적으로 관리되어야 한다고 생각합니다."
f8f15c7fbe424606ac3a8335d25bcece,0.9772,남성,57,고졸 이하,강원,50-59,"전직 육군 장교, 현재 구직중",2,2>3,4,5>5>5,4>4>4,5>5>5,3,5,2,1>13>2,34>27>51,58>56>59,13>1>34,1,4,1,4,,고령화로 인한 독거노인 등 안전취약계층의 사고와 기후변화로 인한 예측 불가능한 국지성 호우가 잠재적 위험요인이라고 생각합니다.
722eeac8c1494732971261354776ac82,0.7607,남성,55,대학교 졸업,전북,50-59,경영 기획 사무원,2,2>3,3,4>5>5,3>4>4,4>5>5,3,4,2,1>2>13,27>34>29,63>57>56,1>27>34,1,4,1,15,,"최근 들어 기상이변으로 인한 태풍과 호우가 예측하기 힘들게 강력해지고 있어서 해안가 마을의 안전이 걱정됩니다. 또한 지역 내 고령화가 심각한데, 노인들이 혼자 거주하는 낡은 주택에서의 화재나 안전사고가 잠재적인 큰 위험 요인이라고 생각합니다."
20f9226243ee44898ad4a04fae00e4d0,1.4970,여성,32,대학교 졸업,인천,30-39,그 외 음료 조리사,2,3>4,3,5>5>5,4>4>4,5>5>5,3,4,2,1>2>9,34>27>29,56>57>60,34>1>27,1,4,2,,8,최근 기후 변화로 인한 예측 불가능한 폭우나 폭염 같은 기상 이변이 위험한 것 같아요. 그리고 일상생활에서 스마트폰을 많이 사용하다 보니 보이스피싱 같은 사이버 범죄도 점점 더 큰 위협이 되는 것 같습니다.
1f180c71def94fa4b30350aa66c93f7d,0.3844,여성,26,대학교 졸업,울산,19-29,무직,2,3>2,3,4>4>5,3>4>4,4>4>5,3,5,2,1>13>14,27>51>34,56>58>57,27>1>51,1,4,1,3,,"기후 변화로 인한 도시 내 폭염 및 열대야 현상의 심화가 건강에 미칠 영향과, AI 기술 발달에 따른 딥페이크나 보이스피싱과 같은 지능형 사이버 범죄가 새로운 잠재적 위험요인이라고 생각합니다."
32449e9b86b84bb38ea513cc926c7448,1.6820,여성,65,고졸 이하,서울,60-69,무직,1,2>1,3,5>5>5,4>4>4,5>5>5,3,5,2,1>2>13,34>27>29,57>56>68,34>2>27,1,3,2,,8,"우리 동네는 오래된 주택이 많아서 화재가 났을 때 불이 금세 번질까 봐 제일 겁나고, 요즘은 날씨도 이상해서 폭염으로 쓰러지는 어르신들도 많아 그것도 걱정됩니다."
53195744d497422b8ecda5f39647cb8e,0.8230,여성,44,고졸 이하,전북,40-49,한식 조리사,2,2>3,3,5>5>5,4>4>4,5>5>5,3,4,2,13>2>1,27>34>35,64>57>56,13>27>64,1,4,2,,3,"요즘 날씨가 너무 이상해서 집중호우로 인한 산사태나 산불 같은 자연재난이 더 커질까 봐 걱정되고, 요양시설에 계신 어르신들이 많은데 치매나 고독사 같은 사회적 문제도 재난처럼 관리가 필요하다고 생각합니다."
32f88f80644e4f41b9a23871aceba7b7,1.6426,남성,47,대학교 졸업,서울,40-49,소방시설 공사 기술자 및 연구원,2,2>3,3,5>5>5,4>4>4,5>5>5,3,5,2,2>9>13,34>29>46,56>57>60,34>2>29,1,3,2,0,8,"서울의 노후화된 주거지역에서 발생할 수 있는 전기 설비 노후화에 따른 화재와, 최근 급증하는 전기차 충전소 등 신설 에너지 시설의 안전 사고가 잠재적 위험요인으로 생각됩니다. 이러한 도심형 재난은 확산 속도가 빠르고 피해 규모가 클 수 있어 선제적인 기술적 관리가 필요합니다."
39e30f61e36d478d97a107f73d73867f,0.3844,여성,19,고졸 이하,울산,19-29,무직,2,4>3,3,4>4>4,3>3>3,4>4>4,3,4,2,1>2>21,34>51>40,59>56>57,1>34>40,1,3,2,,9,"기후 변화로 인해 일산지 해변을 걷다가 갑작스러운 폭우나 이상 기온을 겪는 일이 잦아진 것 같아 걱정입니다. 또한, 디지털 기술이 발전하면서 새로운 유형의 사이버 범죄나 딥페이크 같은 가짜 정보로 인한 사회적 혼란도 잠재적 위험으로 느껴집니다."
425a905ac962481fa14f98e1d9486019,0.5873,남성,39,대학교 졸업,부산,30-39,육상운송 관련 관리자,2,3>2,3,4>5>4,3>4>3,5>5>4,3,5,2,1>13>23,29>51>30,63>61>56,29>1>63,1,3,2,,1,"급증하는 기상이변으로 인해 해안가의 도로와 교량 시설물이 버티지 못하고 붕괴하는 사고가 잠재적 위험 요인이라고 생각합니다. 또한, 물류 시장의 인력 부족과 과중한 업무가 겹쳐 대형 교통재난으로 이어질 가능성도 큽니다."
d97c6c48a26942068e6919ec00ac81b6,0.8300,남성,53,고졸 이하,경북,50-59,대형 화물차 운전원,2,2>3,3,5>5>5,4>4>4,5>5>5,3,4,2,2>1>13,29>34>38,63>57>56,29>34>2,1,4,1,4,,요즘 도로 위에 전동 킥보드나 이륜차가 너무 많아져서 대형 차량 운전 시 사각지대에서 갑자기 튀어나와 사고 위험이 큽니다. 또한 기후 변화로 인해 갑작스러운 집중 호우가 예측보다 빨리 발생해 도로가 침수되는 일을 막기 위해 더 정교한 예측 기술이 필요하다고 생각합니다.
416645089c4f43cd933edfe73e4b14b4,0.6591,남성,36,대학교 졸업,광주,30-39,중식 조리사,2,2>3,3,4>5>4,3>4>3,4>5>4,3,4,1,1>2>9,34>35>27,64>57>56,34>64>1,1,4,1,4,,"급격한 기온 변화와 미세먼지 같은 환경 변화가 식재료의 질과 사람들의 건강에 미치는 영향이 점점 심해지고 있어, 이에 대한 대비가 필요하다고 생각합니다."
6dd2e526748643cab21ca17edefcbabd,0.8915,남성,45,고졸 이하,인천,40-49,영업 관리 사무원,2,3>2,3,5>5>5,4>4>4,5>5>5,3,5,1,1>14>2,29>34>27,56>57>63,1>34>29,1,4,1,3,,"요즘 스마트폰으로 금융 거래를 많이 하는데 보이스피싱이나 해킹 같은 사이버 범죄가 기술이 발전할수록 더 교묘해져서 걱정됩니다. 또한, 갑작스러운 폭우나 태풍 같은 이상 기후로 인한 침수 피해도 잠재적인 위험으로 느껴집니다."
ecca289fd6554f0d99827a55f25afc48,0.9544,남성,54,대학교 졸업,부산,50-59,건물 내 전기 설치 및 정비원,2,2>3,3,5>5>4,4>4>3,4>4>4,2,5,1,1>13>14,34>35>46,57>56>63,57>34>1,1,4,1,15,,건물이 너무 오래돼서 전기 수요를 감당하지 못하고 화재가 날까 봐 걱정됩니다. 또한 요즘은 전기차 충전소가 많이 들어서는데 노후된 전력망이 감당하다가 대형 사고로 이어지지 않을까 우려됩니다.
eb5cd4fabcf14df9b8acc537ee22b7da,1.7154,여성,59,고졸 이하,경기,50-59,사무 보조원,2,2>3,3,5>5>5,4>4>4,5>5>5,3,5,2,1>2>9,34>27>29,56>57>58,34>1>27,1,4,2,0,8,요즘은 갑작스러운 폭우나 폭염처럼 예측하기 힘든 날씨가 자꾸 생겨서 그게 제일 겁나요. 그리고 우리 같은 중년 여성들을 겨냥한 보이스피싱 같은 범죄도 이제는 재난처럼 심각해서 기술로 막아줬으면 좋겠어요.
11e86c2a45674571899d675de8d25a7b,0.7717,여성,52,고졸 이하,경북,50-59,주방 보조원,2,2>4,3,5>5>5,4>4>4,5>5>5,3,5,2,1>2>9,27>34>29,64>57>56,64>27>34,1,4,1,4,0,"요즘 날씨가 너무 덥거나 추워서 급식실에서 일하다가 건강 상할까 봐 걱정되고, 사는 곳이 좀 낡아서 화재나 가스 사고 같은 게 나지 않을까 항상 조심스러워요."
eb59bf2eb82d4d77a6a7858c321b561d,0.9605,여성,68,고졸 이하,대구,60-69,무직,1,2>1,3,5>5>5,4>4>4,5>5>5,3,5,2,1>2>9,27>34>29,56>57>68,27>1>34,1,3,2,,8,"오래된 건물이 많아서 한번 불이 나면 금세 번질까 봐 제일 겁이 나고, 혼자 사는 어르신들이 넘어지거나 아파도 도와줄 사람이 없는 게 위험한 것 같아요."
a615cc6df03446d6aa022cfe70ad6f29,0.7022,여성,62,고졸 이하,전북,60-69,무직,1,2>3,3,5>5>5,4>4>4,5>5>5,3,5,2,13>1>9,34>27>42,56>57>58,13>34>27,1,4,1,15,0,"최근 날씨가 너무 이상해서 내장산 근처에 산사태가 날까 봐 무섭고, 스마트폰을 쓰지만 고령층을 겨냥한 보이스피싱 같은 사기가 점점 교묘해져서 위험한 것 같습니다."
06a72169b4234a348b7c87535877e30e,1.0781,여성,42,고졸 이하,충남,40-49,건물 청소원,2,2>3,3,5>5>5,4>4>4,5>5>5,3,5,2,1>2>14,27>34>29,56>57>58,27>1>34,1,4,1,7,,"요즘 날씨가 너무 덥거나 비가 갑자기 쏟아져서 밖에서 일하다가 열사병에 걸리거나 다치는 분들이 많은데, 이런 기상 이상으로 인한 안전사고도 더 철저히 관리해야 할 것 같아요. 그리고 고령화 시대라 혼자 사는 어르신들이 집안에서 넘어지거나 하는 사고도 점점 많아질 것 같아 걱정입니다."
e332ca555acd4e0fbb179e686579c2fc,0.9171,여성,35,고졸 이하,부산,30-39,건물 청소원,2,2>3,3,5>5>5,4>4>4,5>5>5,3,4,2,1>2>9,34>27>29,56>57>60,34>1>27,1,3,2,,1,"요즘 기상이변으로 여름엔 너무 더워지고 태풍도 자주 온다고 해서 걱정이고, 사는 집이 오래된 단독주택이라 지반이 내려앉거나 싱크홀 같은 사고가 갑자기 터지면 어쩌나 하는 불안감이 듭니다."
186cc0c74f2f4496b0350d8d2114d9a0,0.7190,여성,24,대학교 졸업,대전,19-29,무직,2,4>3,3,4>4>4,3>3>3,4>4>4,2,4,2,9>2>13,27>34>51,56>57>67,27>34>9,1,4,1,4,,"기후 위기로 인한 이상 기후가 심해져서 여름 폭염이나 집중 호우가 더 큰 재난이 될 것 같아 걱정됩니다. 또한 AI 기술이 발달하면서 딥페이크나 보이스피싱 같은 사이버 범죄가 일상화되고 있는데, 이걸 막을 기술이나 대책이 부족하게 느껴집니다."
dd586ea6f3d64366b13efe82e931945b,1.0558,남성,50,대학교 졸업,서울,50-59,생산관리 사무원,3,3>2,3,5>5>5,4>4>4,5>5>5,3,5,2,1>9>13,34>27>51,56>65>58,34>1>51,1,4,1,12,,"급격한 기후 변화로 인한 도심 내 노후화된 지하 매설물과 건축물의 안전성 저하, 그리고 디지털 기반 시설에 대한 사이버 공격으로 인한 사회 마비 가능성이 잠재적 위험요인이라고 생각합니다."
85a3062e97e34920a162c60943efeb43,1.7742,여성,60,고졸 이하,경기,60-69,무직,2,2>1,3,5>5>5,4>4>4,5>5>5,3,5,2,1>2>9,34>27>29,56>57>68,34>27>1,1,3,2,0,1,최근 기상이변으로 인한 폭염과 집중호우가 잦아져 어르신들과 아이들이 건강을 해치거나 사고를 당할 위험이 크다고 느낍니다. 또한 고령화 사회로 접어들면서 혼자 사는 노인들이 겪는 일상적인 생활 안전사고도 재난 차원에서 미리 관리해야 한다고 생각합니다.
c1bf18bdfc3743569efa37ad2eec4f5e,0.5163,남성,27,고졸 이하,울산,19-29,차량 도장기 조작원,2,3>4,4,5>5>4,4>4>4,5>5>5,3,5,2,1>2>9,35>34>38,63>57>56,35>34>1,1,3,2,,9,공장의 자동화 설비가 늘어나면서 기계 오류나 사람과 기계가 혼재된 작업 환경에서 발생할 수 있는 새로운 형태의 산업 사고가 잠재적 위험요인이 될 것 같습니다. 또한 기후 변화로 인한 폭염이나 돌발적인 기상 이변으로 인한 작업자의 건강 문제와 시설물 피해도 선제적으로 관리해야 할 위험 요인이라고 생각합니다.
74c521dbb77940d68a2568547e8e8496,0.1062,남성,30,대학교 졸업,세종,30-39,사회과학·경영 및 법학 교수,4,3>5,3,5>5>5,4>4>4,5>5>5,3,4,2,13>14>1,46>34>35,63>56>57,46>63>34,1,4,1,1,,세종시와 같은 계획 도시에서는 ICT 기반 스마트시설의 오작동이나 사이버 공격으로 인한 도시 기능 마비가 잠재적 위험 요인이 될 수 있습니다. 또한 기후 변화로 인해 기존 설계 기준을 초과하는 국지적 호우가 빈번해지면서 이에 대비한 침수 방지 기술도 중요해지고 있습니다.
dc36de07749f4632894b8181506f3d4c,1.3916,남성,21,대학교 졸업,부산,19-29,일반 비서,2,3>2,3,5>5>5,4>4>4,5>5>5,3,5,1,1>2>9,27>34>29,57>56>63,1>27>34,1,4,1,4,0,요즘 기후 변화로 인한 태풍이나 집중호우 같은 기상 이변이 점점 심해져서 그게 가장 걱정됩니다. 그리고 저희 동네처럼 오래된 단독주택이 많은 곳은 노후된 전기 시설로 인한 화재나 지반 침하 같은 사고도 위험한 것 같아요.
c6b9bd069d7e4d1db6fb6062b9441bb0,0.3740,여성,41,대학교 졸업,제주,40-49,무직,2,2>3,3,5>5>5,4>4>4,5>5>5,3,5,2,1>2>14,27>29>34,59>56>58,1>27>29,1,4,1,18,,"기후 변화로 인해 과거와는 다른 강도의 태풍이나 국지성 호우가 빈번해지고 있어, 이로 인한 예기치 못한 피해가 잠재적 위험요인이라고 생각합니다. 또한 제주의 급격한 도시화와 관광객 증가로 인해 정주민들의 익숙한 생활권 내에서 발생하는 교통사고나 레저 안전사고의 위험도 점차 커지고 있습니다."
667d1d15e76c412eb638574b23e3cff1,0.2759,남성,43,대학교 졸업,세종,40-49,무직,4,3>4,3,5>5>5,4>4>4,5>5>5,2,5,2,1>2>9,51>50>27,57>56>68,51>1>34,1,4,1,7,,"인공지능 기술을 악용한 보이스피싱 및 딥페이크 범죄가 급증할 것이며, 사물인터넷(IoT) 기기의 보안 취약점을 노린 홈 네트워크 해킹이 가정 내 주요 위험요인이 될 것입니다."
ee7184d9ed2940ab987b1785a9a0cdba,0.4427,남성,50,대학교 졸업,대전,50-59,건물 내 전기 설치 및 정비원,2,3>2,3,4>4>4,3>3>3,4>4>4,3,4,2,2>14>1,34>47>51,57>56>63,34>2>14,1,4,1,4,,"노후화된 상가 건물의 전기 설비 화재 위험과, 사물인터넷(IoT) 기반의 스마트 홈 시스템 해킹으로 인한 프라이버시 침해 및 안전 사고 우려가 있습니다."
343a8977034c4acd8d7f179419c8af66,0.6560,여성,27,대학교 졸업,인천,19-29,무직,2,3>4,3,5>5>5,4>4>4,5>5>5,3,4,2,1>2>9,34>29>27,56>57>59,1>34>29,1,3,2,,2,요즘 2030 청년들을 겨냥한 보이스피싱이나 금융 사기가 기승을 부려서 이를 사회적 재난으로 규정하고 관리해야 한다고 생각합니다. 또한 인천대공원이나 해변을 산책할 때 갑작스러운 폭염이나 태풍 같은 기상 이변으로 인한 사고 위험도 크게 느껴집니다.
0e91663673844c1eb832b18086afbd77,1.0627,여성,38,대학교 졸업,서울,30-39,사무 보조원,2,3>2,3,5>5>5,4>4>4,5>5>5,4,4,2,2>1>9,51>27>42,56>58>57,2>51>27,1,4,1,4,,요즘 스마트폰으로 오는 AI 보이스피싱이나 깊페이스 영상 같은 사이버 범죄가 기술이 발전해서인지 걷잡을 수 없이 정교해져서 위험합니다. 그리고 기후 변화로 예측이 안 되는 폭우가 갑자기 쏟아져 집이나 출퇴근길이 침수될까 봐 겁이 납니다.
79a27d7c003440798a7950b1f5cb7f46,0.9608,여성,61,고졸 이하,충북,60-69,"전직 건물 청소원, 현재 구직중",1,2>1,3,5>5>5,4>4>4,5>5>5,3,4,1,1>2>9,27>34>42,56>57>58,27>34>1,1,4,1,4,,"최근 날씨가 너무 덥고 태풍도 자주 온다니, 앞으로 더 큰 홍수나 폭염 같은 게 사람들의 건강을 해치지 않을까 걱정됩니다. 그리고 우리 아파트도 노후화되어서 화재나 가스 사고 같은 게 나면 정말 큰일 날 것 같아요."
5ba2747dd1e5460998b907bd2c3e025f,0.6911,여성,52,고졸 이하,전남,50-59,화장품 판매원,2,2>1,3,5>5>5,4>4>4,5>5>5,3,5,2,1>2>23,27>34>29,57>62>59,1>27>34,1,4,2,,4,요즘 날씨가 너무 이상해서 갑자기 쏟아지는 폭우나 여름의 혹독한 더위가 점점 심해지는 것 같아 걱정입니다. 또 우리 동네는 해안가라서 기상 변화로 인한 해일이나 높아진 파도가 예전보다 위협적으로 느껴져서 이에 대한 대비가 더 필요하다고 생각합니다.
0e73d7525c684ecfbf399e1191820511,1.0627,여성,38,대학교 졸업,서울,30-39,무직,2,3>4,3,4>4>5,3>4>4,4>4>5,2,4,2,2>13>9,34>27>51,57>67>56,34>2>67,1,3,2,0,8,"제가 사는 낡은 골목과 주택들은 기후 변화에 따른 집중호우나 폭염에 취약한 것 같아 우려가 됩니다. 또한 고령화되고 있는 도심 생활 환경에서, 혼자 거주하는 사람들이 안전사고나 재난에 취약해질 수 있다는 점도 잠재적 위험으로 느껴집니다."
1f09732a6e5041bcbe93008b625bcd6a,0.7247,남성,23,대학교 졸업,전남,19-29,생산관리 사무원,3,4>3,3,5>5>5,4>4>4,4>4>4,3,5,2,1>2>14,34>51>50,63>56>57,1>34>63,1,4,1,15,,"AI 기술 발전으로 인한 딥페이크 보이스피싱 등 금융 사이버 범죄가 심각한 사회적 재난이 될 수 있다고 생각합니다. 또한, 기후 변화로 인해 예측 불가능한 국지성 호우가 발생하여 도심 침수 피해가 늘어날 가능성도 우려됩니다."
7d43be9d1b6b4dfdb0861d244791247f,0.1523,남성,19,고졸 이하,세종,19-29,무직,2,4>3,3,4>4>4,3>3>3,4>4>4,3,4,2,9>1>2,29>34>42,56>57>60,29>9>34,1,4,1,12,0,"최근 기술이 발전하면서 딥페이크나 보이스피싱 같은 사이버 범죄가 점점 정교해지고 있어서 이것이 큰 위험요인이 될 것 같습니다. 또한, 자율주행 자동차나 배달 로봇 같은 새로운 기술들이 늘어나면서 생길 수 있는 사고도 미리 관리가 필요하다고 생각합니다."
52b7b6aa73d34d3d82b72c2fc670ad45,0.7067,여성,46,고졸 이하,강원,40-49,그 외 기계 조작원,2,2>3,3,5>5>5,4>4>4,5>5>4,3,5,2,2>13>1,34>27>29,63>56>57,34>63>2,1,4,1,4,0,"요즘은 날씨가 너무 변덕스러워서 예측하기 힘들고, 오래된 건물이나 공장 시설에서 사고가 날까 봐 걱정됩니다. 그리고 갑작스러운 감염병 때문에 일상이 무너지지 않을까 하는 두려움도 있어요."
8e298d5aeab8412f8c9137aa2e1f75ef,0.6625,남성,36,대학교 졸업,전북,30-39,무직,2,2>3,3,4>4>5,3>3>4,4>4>5,2,4,2,2>9>3,34>27>29,57>60>68,34>2>27,1,4,1,15,1,"고령화가 진행되는 농촌 지역 특성상, 재난 상황 발생 시 스마트 기기 등을 능숙하게 다루지 못하는 어르신들의 정보 접근성과 대피 속도가 현저히 떨어져 큰 인명 피해로 이어질 가능성이 큽니다. 또한, 최근 이상 기후로 인한 집중호우가 농경지와 노후 주택에 미치는 피해가 점차 커지고 있는 점도 우려되는 잠재적 위험입니다."
9e1d022c14f9474da0e770c36bc30d8e,0.7917,여성,41,대학원 졸업,전남,40-49,무직,3,2>3,3,5>5>5,4>4>4,5>5>5,3,5,2,1>2>9,27>34>29,56>57>59,27>1>34,1,4,2,,1,급속한 고령화로 인한 지역사회 돌봄 공백 사태와 기후변화로 인한 해안가 침식 및 폭염 등 이상 기후가 잠재적 위험요인이라고 생각합니다.
c4cae7e94fe54137821bb526568a10c4,1.0627,여성,34,대학교 졸업,서울,30-39,일반 비서,2,3>4,3,5>5>5,4>4>4,5>5>4,3,4,2,13>2>9,27>34>29,56>57>60,27>13>34,1,3,2,0,3,"급격한 기후 변화로 인한 도시 열섬 현상과 도심 내 집중 호우로 인한 침수 피해가 점차 심각해지고 있습니다. 또한, 디지털 기술의 발달에 따른 딥페이크나 가짜 뉴스가 사회적 혼란을 일으키는 새로운 유형의 재난이 될 수 있다고 생각합니다."
052b577ef6ae4ddc90ab1eefe8842a06,1.8749,남성,26,대학교 졸업,경기,19-29,우편집배원,2,4>3,3,4>4>4,3>3>3,4>4>4,3,4,2,1>2>9,29>34>27,56>57>58,29>1>34,1,3,2,,1,요즘 같은 폭염 때 야외에서 일하는 배달 기사나 어르신들이 건강을 상하지 않도록 도와주는 기술이 필요해 보입니다. 그리고 최근에는 예고 없이 쏟아지는 국지성 호우 때문에 좁은 골목길이나 오래된 지하 반지하 주택이 침수될 위험이 크다고 생각합니다.
6b042fbcea2e48cf82aa71ecbe4341df,0.8586,남성,46,고졸 이하,전북,40-49,건물용 냉동·냉장·공조기 설치 및 정비원,2,4>2,3,5>5>4,3>3>3,5>5>5,3,5,2,9>1>13,35>34>29,57>63>56,9>35>57,1,4,1,15,,"최근 기상이변으로 인해 예측 불가능한 폭우나 폭염이 갑자기 발생하는 일이 잦아져서 이에 대한 대비 기술이 필요하다고 생각합니다. 또한 고령화가 심한 우리 지역 특성상, 혼자 사는 어르신들이 재난 상황에서 자동으로 탈출하거나 신고할 수 있는 IoT 안전 장비가 더 보급되었으면 합니다."
dde08991339f4403b8e06ed4664d2408,0.8341,여성,35,대학교 졸업,충남,30-39,무직,1,2>4,3,5>5>5,4>4>4,5>5>5,2,5,2,14>2>1,34>27>29,56>60>57,34>14>27,1,3,2,,1,"요즘 날씨가 너무 이상해서 갑작스러운 폭우나 무더위 같은 기상 이변이 걱정됩니다. 그리고 아이들이 스마트폰을 많이 하는데, AI를 이용한 범죄나 보이스피싱 같은 디지털 재난도 앞으로 더 커질 것 같아요."
9154ddafcbd1445e8acbaf2ac6b50928,1.5626,남성,27,고졸 이하,서울,19-29,전화 상담원,2,4>3,3,4>4>4,3>3>3,4>4>4,2,4,2,2>9>1,27>51>29,56>67>57,27>2>51,1,3,2,,8,최근 기후 변화로 인한 폭염과 돌발 호우가 잦아져서 도시 침수 위험이 커지고 있다고 느낍니다. 그리고 요즘 AI 기술을 이용한 보이스피싱과 같은 사이버 범죄도 개인의 안전을 심각하게 위협하니 재난으로 관리해야 할 것 같습니다.
39aba9f04602477a9bfb0582afb292a9,1.1175,여성,45,대학교 졸업,부산,40-49,데스크 안내원,2,2>3,3,5>5>5,4>4>4,5>5>5,3,5,2,1>2>14,51>34>27,56>57>68,1>51>34,1,3,2,,8,"고령화로 인해 은행 업무를 보면서 보이스피싱 같은 사기 범죄가 점점 더 지능화되고 있다는 느낌을 받으며, 기후 변화로 인한 집중호우 때 노후된 다세대 주택이나 상가 지하의 침수 피해가 우려됩니다."
7de56faf20f749c3858a881100869be4,1.0123,남성,31,대학교 졸업,충남,30-39,"전직 생산관리 사무원, 현재 구직중",2,3>2,3,4>4>4,4>4>4,4>4>4,3,4,2,1>2>9,27>34>29,63>57>56,27>1>63,1,3,1,4,,요즘 급격하게 변하는 기술 때문에 일자리가 불안정해지는 사회적 문제가 걱정됩니다. 또한 집에 계신 노인분들이나 혼자 사시는 분들이 응급 상황에 도움을 못 받는 안전사고도 재난으로 관리가 되었으면 좋겠습니다.
b9dbbafc836e4e8283fa981ca96698b1,0.5163,남성,26,대학교 졸업,울산,19-29,전자제품 개발 기술자 및 연구원,3,3>4,3,5>5>4,4>4>4,5>5>4,3,4,1,1>2>9,29>34>51,63>56>57,29>34>63,1,4,1,18,,"급격한 기후 변화로 인한 예측 불가능한 태풍과 집중호우, 그리고 고령화 사회에 따른 생활 안전 사고의 증가가 잠재적 위험요인이라고 생각합니다."
0205f148e28c41f1a029d89dc5c1a905,0.2872,여성,48,고졸 이하,세종,40-49,요양 보호사,2,2>3,3,5>5>5,4>4>4,5>5>5,3,5,2,9>2>1,27>34>29,68>56>57,27>9>34,1,4,1,4,,급속한 고령화로 인해 혼자 사는 어르신들이 안전사고나 건강 위험에 노출될 가능성이 커지는 것 같습니다. 또한 요즘처럼 날씨가 급변하면 거동이 불편한 환자들을 보호하기가 더 힘들어져서 걱정입니다.
2b7e25678da34fde8d25c817632efbe1,0.7396,여성,63,대학교 졸업,전남,60-69,무직,2,2>1,3,5>5>5,4>4>3,5>5>4,3,4,2,1>4>2,27>34>29,62>68>64,1>27>34,1,4,1,15,,"우리 마을처럼 고령자가 많은 곳은 태풍이나 홍수 같은 재난이 나면 혼자 살거나 몸이 불편한 분들이 빨리 대피하지 못할까 봐 제일 걱정됩니다. 그리고 요즘은 계절별로 날씨가 너무 덥거나 추워서 건강을 해치는데, 이런 이상 기후도 재난으로 관리해 주었으면 좋겠습니다."
ec5a356789af4cc98667998a088555f3,0.4393,남성,58,고졸 이하,광주,50-59,건물 경비원,2,2>4,3,5>5>5,4>4>4,5>5>5,4,5,2,1>2>9,34>27>29,56>57>68,34>56>1,1,4,1,18,0,"요즘 날씨가 너무 변덕스러워서 갑작스러운 폭우나 폭염으로 인한 피해가 걱정됩니다. 또한 아파트 노인 분들이 많이 혼자 사시는데, 혹시라도 집안에서 넘어지거나 응급 상황이 발생했을 때 혼자 대처하기 힘든 점이 위험요인 같습니다."
bdab7526524e456288030fdf89d78586,0.2234,남성,50,대학원 졸업,세종,50-59,컴퓨터 시스템 감리 전문가,4,4>3,4,5>5>5,4>4>4,5>5>5,3,5,3,1>2>9,51>50>27,56>57>58,51>50>34,1,4,1,1,,"급변하는 AI 기술 도입에 따른 보안 위협과, 사회 기반 시설에 대한 대규모 사이버 테러가 잠재적 위험요인이라고 생각합니다. 또한 계획 도시의 초기 인프라가 노후화되면서 발생할 수 있는 안전사고도 미리 관리해야 할 것입니다."
b2616f13b631417ea9b16bdb01306eed,0.7923,남성,65,고졸 이하,전남,60-69,무직,2,2>1,3,5>5>5,3>3>3,5>5>5,2,5,2,1>2>9,38>27>34,56>57>61,1>38>34,1,4,2,0,1,날씨가 점점 이상해져서 예전엔 없던 큰 태풍이나 폭우가 내릴까 봐 걱정입니다. 또 사는 곳 근처에 산단이 있어서 화학 물질 누출이나 큰 화재 같은 게 터지면 큰일 날 것 같아 위험하게 느껴집니다.
2e00a14f9f58425bb859152a5fea1727,1.7323,남성,57,고졸 이하,경기,50-59,영상·전자음향기기 설치 및 수리원,2,2>3,3,4>5>5,3>4>4,5>5>5,3,5,2,1>2>14,34>35>27,56>57>58,34>1>14,1,3,2,,8,노후화된 주거시설과 전기 설비로 인한 화재나 붕괴 위험이 점점 커지고 있습니다. 또한 갑작스러운 기상 이변으로 인한 피해도 걱정되는 부분입니다.
14320f204a18444f8239b86938ee5c32,0.5902,여성,43,고졸 이하,경북,40-49,그 외 금속 공작 기계 조작원,2,3>2,3,5>5>5,4>4>4,5>5>5,3,5,2,1>2>9,34>35>29,63>57>56,63>34>35,1,3,2,,17,우리 공단 같은 곳은 건물이나 배관이 다 낡아서 갑자기 불이 나거나 무너질까 봐 겁나요. 그리고 예전처럼 또 모르는 바이러스가 돌아서 당장 일을 못 하고 돈을 못 벌게 되는 상황이 가장 두렵습니다.
27177e71159f448481a6f0523636c830,0.4433,여성,23,고졸 이하,광주,19-29,시설 경비원,2,3>2,3,5>5>5,4>4>4,5>5>5,3,5,2,1>2>14,34>27>51,56>57>60,34>1>14,1,4,1,4,,기후 변화로 인해 여름철에 예측 불가능한 폭우나 폭염이 더 심해질 것 같아 걱정됩니다. 또한 IT 기술이 발전하면서 AI를 이용한 보이스피싱이나 딥페이크 같은 범죄가 점점 더 교묘해지고 있어서 이에 대한 대비가 필요하다고 생각합니다.
136a68177adc4b399f9b422f97a72b63,0.6444,남성,41,대학교 졸업,울산,40-49,철도운송 관련 종사원,3,3>2,3,5>5>5,4>4>4,5>5>5,2,5,2,1>2>13,31>29>34,63>57>56,31>1>34,3,3,2,,8,"급격한 기후 변화로 인해 태풍과 폭우가 잦아지면서 노후화된 철도 및 산업 시설물의 붕괴 위험이 점점 더 커지고 있다고 생각합니다. 또한, 모든 것이 디지털로 연결되면서 해킹이나 전산망 마비 같은 사이버 재난이 실제 교통 운영 시스템을 마비시킬 수 있는 잠재적 위험요인이 되고 있습니다."
ca7769576fbf4df8812b4a9786b42714,1.7323,남성,59,고졸 이하,경기,50-59,무직,2,2>4,3,4>5>4,3>4>3,4>5>4,3,4,1,13>1>14,34>27>29,57>56>68,34>13>27,1,4,1,4,,"급격한 기후 변화로 인한 집중호우나 폭염 같은 이상 기후가 지속될 것 같아 걱정됩니다. 또한, 고령화 사회에서 재난 발생 시 노약자들이 가장 큰 피해를 입지 않도록 하는 것이 중요하다고 생각합니다."
468c9d5d7d5b4ff383f1944fa9b00e51,0.9928,여성,57,고졸 이하,부산,50-59,연삭기 및 연마기 조작원,2,2>3,3,5>5>5,4>4>4,5>5>5,3,5,2,1>2>9,34>35>29,63>57>58,63>1>34,1,3,2,,17,"날씨가 갈수록 이상해져서 예전에 없던 큰 태풍이나 홍수가 자주 발생하는 게 걱정되고, 우리 동네처럼 공장이 밀집한 곳은 노후된 설비로 인한 가스나 화재 사고가 언제 일어날지 몰라 항상 위험하게 느껴집니다."
7c2a4b8a3e7049e9baaf82ae2c7e7510,1.6426,남성,41,고졸 이하,서울,40-49,하역 및 적재 관련 단순 종사원,2,2>3,3,5>5>4,4>4>3,5>5>5,3,4,2,1>2>9,34>29>27,63>56>57,34>1>63,1,3,2,,8,"날씨가 해마다 더워져서 여름철 야외 작업 때 열사병에 걸릴까 봐 제일 겁나고, 제가 사는 아파트도 오래돼서 어디서 불이 나거나 가스가 새는 사고가 날까 봐 항상 마음을 쓰고 있습니다."
a69ac0164bb7417bb15d8a1dc836488d,0.4873,여성,64,고졸 이하,광주,60-69,무직,2,2>3,3,5>5>5,4>4>4,5>5>5,3,5,2,1>2>9,34>27>35,56>57>58,1>34>27,1,4,2,,1,"요즘 날씨가 너무 덥거나 비가 갑자기 쏟아지는 일이 잦은데, 특히 저처럼 혼자 사는 사람들이나 몸이 약한 어르신들이 이런 기상 변화에 크게 흔들리는 것 같아 걱정됩니다. 또한 동네에서 가끔 큰 화재 사고 소식을 들으면, 오래된 아파트 단지에서 안전하게 대처할 수 있을지 항상 마음이 쓰입니다."
323d8c9f94324b5b8a394f27f8aefdc3,0.8396,여성,46,고졸 이하,인천,40-49,전화 상담원,2,2>4,3,5>5>5,4>4>4,5>5>5,3,5,2,1>2>9,34>27>42,56>57>59,34>1>27,1,3,2,,8,요즘 스마트폰을 이용한 보이스피싱이나 AI 기술을 악용한 사기가 기술로 막기 너무 힘들어서 부모님 세대들이 위험에 처해 있는 것 같아 걱정입니다. 또한 갑자기 쏟아지는 국지성 호우나 예측 불가능한 폭염처럼 일상생활을 위협하는 기상 이상 현상도 더 철저히 관리되었으면 합니다.
0722b7a3153a4aad96c70ed941a7d863,1.8155,남성,40,고졸 이하,경기,40-49,그 외 자동차 운전원,2,2>3,3,5>5>5,4>4>4,5>5>5,3,4,2,1>2>13,29>34>35,57>56>59,29>1>34,1,3,2,,7,공단 지역 특성상 노후된 배관이나 시설에서 가스 누출이나 화학 물질 사고가 터지면 대처하기 힘들 것 같습니다. 또한 요즘 기후가 변덕스러워져서 갑자기 쏟아지는 폭우로 지하도나 도로가 침수되는 일이 잦아질까 봐 걱정됩니다.
b2cf61890b8a4f62a623def0e5ab55d1,1.0884,남성,58,대학교 졸업,경남,50-59,교육 및 훈련 사무원,2,2>4,3,4>5>4,4>4>4,4>5>4,3,4,2,1>2>9,27>34>29,63>56>58,27>1>63,1,4,1,3,,요즘 날씨가 너무 덥거나 장마가 심해서 예전 같지 않은 기상 이변으로 인한 태풍이나 홍수가 잠재적 위험으로 보입니다. 또한 공장들이 자동화되어 가는데 갑작스러운 시스템 오류나 사이버 공격 같은 것도 큰 사고로 이어질 수 있어 위험합니다.
7489be004e9b455fad567d7180f7415d,0.6560,남성,66,고졸 이하,울산,60-69,강구조물 건립원,2,2>4,3,5>5>4,4>4>3,5>5>4,4,5,2,14>13>1,34>38>35,63>56>57,63>34>14,1,3,2,,8,"요즘 날씨가 예전 같지 않아서 갑작스러운 폭우나 태풍으로 인한 산사태가 걱정되고, 공장 설비가 노후화되면서 가스나 화학 물질 누출 사고가 일어날까 봐 항상 마음을 쓰고 있습니다."
faace5a11f524b17b75921d21b752834,1.0769,여성,65,고졸 이하,부산,60-69,무직,1,2>1,3,5>5>5,4>4>4,5>5>5,3,5,2,1>2>4,34>27>29,56>57>68,1>34>27,1,4,1,15,,"요즘 날씨가 너무 덥고 이상해서 폭염으로 인한 건강 피해가 걱정되고, 혼자 사는 노인들을 대상으로 한 보이스피싱이나 금융 사기 같은 범죄도 재난으로 관리가 필요하다고 생각해요."
a0057fdb202541e982e295e7168c2bb2,1.6820,여성,67,고졸 이하,서울,60-69,무직,2,2>1,3,5>5>5,4>4>4,5>5>5,3,5,2,1>2>9,27>34>51,56>57>68,34>27>1,1,4,1,4,,"요즘 여름이 너무 더워져서 혼자 사는 저 같은 노인들에게 건강 문제를 일으킬까 봐 걱정됩니다. 또 스마트폰을 이용한 보이스피싱이나 디지털 사기가 점점 교묘해져서, 이것이 어르신들에게 큰 위협이 될 것 같습니다."
76100767f6f344459a18c06b5f773e0c,1.5626,남성,27,고졸 이하,서울,19-29,웹 운영자,2,3>4,3,4>4>4,4>4>3,4>4>4,3,4,2,13>1>2,51>50>34,56>57>58,51>13>34,1,4,1,4,,최근 AI 기술의 발달로 인한 딥페이크 보이스피싱과 같은 사이버 범죄가 기승을 부리고 있어 이를 새로운 사회재난 유형으로 지정해 관리해야 합니다. 또한 도심 내 오래된 다세대주택가에서는 노후화된 전기 및 가스 시설로 인한 화재나 폭발 위험이 상존하고 있습니다.
039af0855e52498badebad4e64bcd108,1.3668,여성,58,고졸 이하,서울,50-59,지방행정 사무원,2,2>3,3,5>5>5,4>4>4,5>5>5,3,5,2,1>2>9,27>34>39,56>57>58,1>27>34,1,4,1,4,,최근 기후 변화로 인해 예측하기 힘든 국지성 호우와 태풍이 점점 더 강력해지고 있어서 이에 대한 대비가 시급하다고 생각합니다. 또한 고령화 사회로 접어들면서 재난 발생 시 빠르게 대처하기 힘든 어르신들이나 안전 취약 계층을 위한 맞춤형 보호 시스템이 부족한 것 같아 걱정됩니다.
b6d0fa983f4f42e19df7384d70579d6e,1.0423,여성,57,고졸 이하,경남,50-59,그 외 고객 상담 사무원,2,2>1,3,5>5>5,4>4>4,5>5>5,4,5,2,1>2>9,27>34>42,56>57>58,27>34>1,1,4,1,4,,"최근 스마트폰을 이용한 보이스피싱이나 금융 사기가 기술적으로 교묘해져서, 특히 저희 같은 어르신들이 많은 피해를 보는 걸 걱정합니다. 또한 아파트가 노후화되면서 가스 누출이나 화재 같은 시설물 관리 사고도 예의주시해야 할 잠재적 위험인 것 같습니다."
5e5135fa18a74a7ead83b2206a798b2b,0.8917,여성,53,고졸 이하,대전,50-59,건물 청소원,2,2>3,3,4>4>4,3>3>3,4>4>4,3,4,2,1>2>14,34>27>29,56>57>60,34>2>27,1,3,2,0,1,"날씨가 점점 더워져서 한여름에 폭염으로 일하다가 쓰러질까 봐 무섭고, 갑자기 쏟아지는 국지성 호우 때문에 오래된 골목길 집이 침수될까 봐 걱정돼요."
4ad4649ce8e344588da46d2349d3b2e8,0.7796,남성,19,고졸 이하,대전,19-29,무직,1,4>3,3,4>4>4,3>3>3,4>4>4,2,4,2,9>11>2,51>34>29,56>57>60,51>34>29,1,3,2,,8,요즘 영상 편집하다 보니 딥페이크 같은 기술로 인한 사생활 침해나 사이버 범죄가 점점 늘어날 것 같아 걱정됩니다. 그리고 폭염 같은 이상 기후도 피부나 건강에 너무 안 좋아서 위험한 것 같아요.
6e784f235940448bb48e1eb0577210f4,0.9772,남성,56,고졸 이하,강원,50-59,그 외 일반 영업원,2,2>4,3,5>5>5,4>4>4,5>5>5,3,4,2,2>13>1,27>34>29,58>56>57,2>27>34,1,4,2,,1,"최근 기후 변화로 인해 예측하기 힘든 국지성 호우가 우리 지역에 큰 피해를 줄 수 있다고 생각합니다. 또한, 요즘은 스마트폰을 많이 사용하는데 보이스피싱이나 금융 사기 같은 기술을 악용한 범죄도 심각한 재난이라고 봅니다."
6aacebe4873d4cb6b5556f5a099a56dd,0.9605,여성,63,고졸 이하,대구,60-69,무직,2,2>1,3,5>5>5,4>4>4,5>5>5,3,5,2,1>2>13,34>27>51,56>57>68,34>1>27,1,4,1,4,,"요즘은 여름 날씨가 너무 덥고 급격히 변해서 텃밭 작물이 말라 죽거나 건강을 상할까 봐 걱정됩니다. 그리고 아파트 화재도 무섭지만, 요즘은 스마트폰을 이용한 보이스피싱 사기가 너무 늘어나서 노인들이 속기 쉬워 이것도 큰 위험인 것 같습니다."
678f60cf933e40059c2f19af1a46df64,0.8784,남성,64,고졸 이하,대구,60-69,외국어 교사,2,2>3,3,5>5>4,4>4>3,4>4>4,3,4,2,9>1>2,27>34>42,56>57>64,9>27>34,1,3,1,4,,날씨가 점점 더워지는 여름철 폭염이 노약자에게 큰 위협이 될 것 같습니다. 또한 사는 곳이 오래된 도심이라 건물 노후화로 인한 화재나 가스 사고 위험이 늘어나는 것 같아 걱정됩니다.
01356648ab4642b380889ed20b1c701d,1.1815,남성,34,고졸 이하,서울,30-39,회계 사무원,2,3>4,3,4>4>4,3>3>3,4>4>4,3,4,2,2>9>1,27>34>29,56>57>60,2>27>34,1,3,1,4,,"AI 기술 발달로 인한 보이스피싱이나 딥페이크 같은 사이버 범죄가 점점 정교해져서 사회적 혼란이 재난급으로 커질 것 같습니다. 또한 기후 변화로 예측 불가능한 국지성 호우가 늘어나 도심의 지하나 반지하 주거지, 그리고 오래된 건물들이 위험해질 수 있을 것 같습니다."
56e64653b9eb4ff688d599b074128148,0.8471,남성,64,고졸 이하,충남,60-69,그 외 하역 및 적재 단순 종사원,2,2>4,3,5>5>5,4>4>4,5>5>5,3,4,2,3>1>14,29>34>28,63>56>58,3>29>63,1,4,1,15,,"요즘 날씨가 예전 같지 않아서 여름엔 너무 덥고 장마철엔 비가 너무 많이 와서 농사짓는 사람들이 힘들고 위험한 것 같습니다. 그리고 동네에 혼자 사는 어른들이 많은데, 갑작스러운 사고가 났을 때 아무도 모르면 큰일 날 것 같아 걱정됩니다."
c1a19d8bdc474a03b67740e1eb235f9c,1.3668,여성,55,고졸 이하,서울,50-59,국가행정 사무원,3,2>3,3,5>5>5,4>4>4,5>5>5,3,5,2,2>1>9,34>27>29,56>57>58,34>2>27,1,3,2,,8,기후변화로 인한 태풍과 집중호우 같은 이상 기후가 도시 생활에 미치는 영향이 점점 커지고 있어 우려됩니다. 또한 저희처럼 노후된 주택이 밀집한 지역에서는 건축물 노후화에 따른 화재나 시설물 사고 위험이 크다고 생각합니다.
3bfb459368dc43f2a9750a6aa2d91503,1.1732,여성,35,대학원 졸업,경남,30-39,인사 및 노무 사무원,2,3>2,3,5>5>5,4>4>4,5>5>5,3,5,1,1>9>13,27>29>34,56>58>57,27>1>29,1,4,1,4,0,"급격한 기후 변화로 인한 예측 불가능한 태풍과 국지성 호우가 점차 빈번해지고 있어, 이에 대비한 도시 배수 시설 및 재난 대응 시스템의 보완이 필요하다고 생각합니다. 또한 고령화 사회로 진입함에 따라 안전 취약 계층의 증가와 관련된 복지 및 의료 지원 재난도 중요한 잠재적 위험 요인입니다."
65efc5c706f44338af5163f0f13d4040,1.0354,여성,21,대학교 졸업,경남,19-29,"전직 생산관리 사무원, 현재 구직중",2,4>3,3,5>4>4,4>4>3,4>4>4,4,4,2,1>2>9,29>34>27,56>63>59,29>34>1,1,4,2,0,10,"날씨가 해마다 더 덥거나 예측 불가능해서 기상 변화가 가장 걱정되고, 요즘은 스마트폰으로 모든 걸 하다 보니 보이스피싱 같은 사이버 범죄도 재난급으로 관리가 필요하다고 느낍니다."
9ee3641e06d244e5bd7913644e18e24e,0.6261,여성,35,고졸 이하,충북,30-39,건물 청소원,1,2>4,3,5>5>5,3>3>3,5>5>5,3,4,2,13>2>9,27>34>29,56>68>57,27>34>13,1,4,1,7,,급격한 기후 변화로 인해 예전엔 없던 집중호우나 폭염이 자주 발생해서 오래된 집들이나 농지에 피해를 줄까 봐 걱정됩니다. 그리고 또 다른 새로운 바이러스가 유행해서 가족들이 아프거나 일상생활이 힘들어질까 봐 두렵습니다.
846c2458d7274a7cb4f00e14f0abdf79,0.8891,남성,46,대학교 졸업,전남,40-49,철도운송 관련 종사원,2,3>2,3,5>5>4,4>4>4,5>5>5,3,4,2,2>13>1,31>29>34,57>56>68,31>2>13,1,4,1,15,2,급격한 고령화 진행으로 인해 독거 노인들이 겪는 생활 속 안전사고와 신고 체계의 미비가 잠재적 위험으로 보입니다. 또한 기후 변화로 인한 예측 불가능한 국지성 호우가 지역의 하수 시스템을 초과할 때 발생할 침수 피해도 선제적으로 관리해야 할 위험 요인입니다.
6ea91a94be0d4bbba3f69053e43dbf69,1.3474,남성,37,대학교 졸업,경남,30-39,금속공학 기술자 및 연구원,3,3>4,3,5>5>4,4>4>4,5>5>5,3,4,2,1>9>13,34>35>38,63>57>56,63>34>1,1,3,2,,1,기후 변화로 인해 설계 기준을 초과하는 이상 기후가 해안 산업단지 시설물을 붕괴시킬 위험이 점점 커지고 있습니다. 또한 제조 현장의 고령화와 첨단 자동화 설비가 섞여 운영되면서 발생할 수 있는 새로운 유형의 산업 재난도 미리 정의해서 관리해야 합니다.
bbe517a8c99d4712a6a82b9b1e47d56d,1.1544,여성,67,고졸 이하,인천,60-69,무직,1,2>1,3,4>4>4,3>3>3,4>4>4,3,4,2,1>2>9,34>27>29,56>57>67,34>27>1,1,3,2,,8,요즘 스마트폰 보이스피싱 사기가 너무 기가 막혀서 위험해요. 그리고 여름에 폭염이 날이 갈수록 심해져서 우리 같은 어르신들이 건강 못 지킬까 봐 겁나요.
7abec4dde1514f8aa32eea333f26c853,0.8586,남성,42,대학원 졸업,전북,40-49,마케팅 전문가,4,3>4,3,5>5>4,4>4>3,5>5>4,3,4,2,13>1>2,51>50>27,58>57>56,51>13>1,1,4,1,15,,"급격한 디지털 전환 환경 속에서 AI 기반의 딥페이크나 보이스피싱과 같은 고도화된 사이버 범죄가 사회적 신뢰를 무너뜨릴 잠재적 위험이 큽니다. 또한, 기후 변화로 인한 예측 불가능한 기상 이변이 지방의 노후화된 기반 시설에 미칠 영향도 선제적으로 관리해야 할 위험 요인이라고 생각합니다."
5e2332dbfa3a4c46bd3a7c73f2789185,1.1815,남성,39,대학교 졸업,서울,30-39,데이터 설계 및 프로그래머,3,3>4,3,5>5>5,4>4>4,5>5>5,3,5,2,2>9>11,51>50>27,56>57>60,2>51>27,1,3,2,,1,AI 기술 발달에 따른 딥페이크 등 신종 범죄와 사회 기반 시설에 대한 대규모 사이버 테러가 잠재적 위험 요인이라고 생각합니다. 또한 기후 변화로 인한 예측 불가능한 국지성 호우도 큰 위협입니다.
3b51759ec18b4af5a999aa088dab20c1,1.3315,남성,27,고졸 이하,경남,19-29,건물 경비원,2,3>2,3,5>5>5,4>4>4,5>5>5,4,5,2,1>2>21,34>27>29,56>57>61,34>1>56,1,3,2,,1,"지구 온난화로 인해 태풍이나 폭우 같은 기상이변이 점점 심해져서, 노후된 주택과 시설물이 버티지 못하고 붕괴하는 사고가 많이 발생할 것 같습니다. 또한 관리가 소홀한 낡은 건물들의 전기나 가스 설비 노후화로 인한 화재 사고도 항상 마음에 걸립니다."
a0399372575042eabee591924b8998b9,0.6560,여성,22,고졸 이하,인천,19-29,프레스기 및 절단기 조작원,2,4>3,3,5>5>5,4>4>4,5>5>5,4,5,1,1>2>3,34>35>51,63>56>58,63>34>1,1,4,1,3,,"공장 기계가 점점 스마트해지는데, 갑자기 오류가 나면 사람이 제때 대처하지 못해 큰 사고가 날까 봐 걱정돼요. 그리고 요즘 핸드폰으로 보이스피싱이나 딥페이크 같은 사기가 기술을 이용해 너무 정교해져서 위험한 것 같아요."
f56670caeffe435b8a87208347e1ebf5,0.9928,여성,55,고졸 이하,부산,50-59,건물 청소원,2,2>3,3,5>5>5,4>4>4,5>5>5,3,5,2,1>2>9,34>27>29,56>57>58,1>34>27,1,3,2,,1,"요즘 날씨가 갈수록 더워져서 여름철에 야외 활동을 하다가 열사병이나 온열질환에 걸릴 위험이 커지는 것 같고, 혼자 사는 이웃들이 많아서 화재 같은 사고가 났을 때 제때 대처하지 못할까 봐 그런 게 잠재적 위험인 것 같아요."
dc7709e9128b43e3b4dbfd25f98a5241,0.6590,남성,34,대학교 졸업,전남,30-39,경리 사무원,2,3>4,3,5>5>5,4>4>4,4>5>5,3,4,1,1>14>2,27>34>51,56>57>61,27>1>34,1,3,1,15,,"기후 변화로 인한 폭염이나 한파 같은 이상 기후가 건강에 미치는 영향이 점점 커질 것 같습니다. 특히 고령화된 지역 특성상 감염병 확산 시 대응 체계가 부족할 수 있어 걱정되며, 노후화된 주택 시설에서의 화재 위험도 잠재적인 위험 요인이라고 생각합니다."
a7bb501917b747bfb21562141e4785eb,1.7663,남성,66,대학교 졸업,경기,60-69,토목시공 기술자,2,2>4,4,5>5>5,4>4>4,5>5>5,4,5,2,13>1>2,46>34>29,63>56>58,13>46>34,1,4,2,0,3,"최근 기상이변으로 인한 예측 불가능한 국지성 호우가 가장 걱정됩니다. 도시 외곽의 노후화된 배수 시설이나 산비탈 경사지가 제대로 견뎌낼지 의문이고, 갑작스러운 폭우 때 대처할 수 있는 실질적인 기술이 부족하다고 느낍니다."
2db5cdd756ad48a2a0063f47c0286003,0.9102,남성,56,대학원 졸업,충남,50-59,경영 기획 사무원,3,3>2,3,5>5>5,4>4>4,5>5>5,3,5,2,1>2>9,34>35>38,63>57>56,63>34>38,1,4,1,4,,제조 현장의 고령화로 인한 산업재해 위험 증가와 스마트 팩토리 도입에 따른 인간·로봇 협업 사고의 잠재적 위험을 새로운 재난 유형으로 지정해 관리해야 합니다.
f94377297b0d49f5914fdb0e5435621a,0.8301,여성,69,대학교 졸업,경북,60-69,치과위생사,2,2>3,3,5>5>5,4>4>4,5>5>5,3,4,2,2>5>13,27>34>35,56>68>58,27>2>34,1,4,1,4,,"요즘 날씨가 너무 변덕스러워서 여름엔 폭염, 겨울엔 대설이 예전 같지 않아 이에 대비한 기술이 필요하고, 혼자 사는 노인이 많아져서 응급 상황에 자동으로 신고가 되는 보건 안전 기술이 꼭 필요하다고 생각합니다."
04ad51ab3d59489a8c9ae28ae3de4420,1.0354,여성,20,대학교 졸업,경남,19-29,무직,2,4>3,3,4>4>5,3>3>4,4>4>5,3,4,2,2>9>13,27>29>34,56>57>58,2>27>34,1,4,1,4,0,요즘 AI 기술이 발달해서 딥페이크나 보이스피싱 같은 범죄가 늘어날까 봐 걱정돼요. 그리고 갑자기 날씨가 너무 더워지거나 장마가 심해지는 기후 변화도 위험한 것 같아요.
0a04a22587f14e89b5b2ff996109073e,1.7593,여성,29,고졸 이하,서울,19-29,한식 조리사,2,3>4,3,4>4>5,4>4>4,5>4>5,4,5,2,2>1>9,27>34>35,64>57>56,64>34>2,1,3,2,,1,"최근 기상이변으로 인한突如其来的 폭우와 폭염이 잦아져서, 저희처럼 노후된 아파트 단지나 반지하 공간이 많은 동네의 안전에 큰 위협이 된다고 생각합니다. 또한 각종 기계 시설들이 자동화되면서 고장이나 오작동 시 대처하지 못해 발생하는 신종 사고도 잠재적 위험요인인 것 같습니다."
6f8c23b462c24dc9974e5c59d0cd03a1,1.0229,남성,39,고졸 이하,경북,30-39,유리 관련 기능 종사원,2,3>2,3,5>5>5,4>4>4,4>4>4,3,4,2,1>2>9,34>29>27,63>57>56,63>34>29,1,4,1,7,,"요즘 기후 변화로 장마철에 비가 너무 많이 와서 산사태나 침수 피해가 걱정되고, 스마트폰으로 하는 보이스피싱 같은 사이버 범죄가 점점 정교해져서 일반인들이 당하기 쉬운 것 같습니다."
078bf6b66df64569ba4bd9de802ae7ad,0.2866,남성,64,고졸 이하,세종,60-69,사무 보조원,2,2>3,3,4>5>4,3>3>3,4>4>4,3,4,2,1>2>9,34>35>27,63>56>57,1>34>63,1,4,1,12,0,"기후 변화로 인해 예측이 어려운 태풍과 집중호우가 잦아지고 있어 이에 대한 대비가 시급하다고 생각하며, 최근 기술을 이용한 보이스피싱 같은 사이버 범죄도 재난급으로 피해를 주니 정부가 나서서 관리해야 합니다."
3fb36d1f2782461481a9e42b60da6834,0.6560,남성,69,고졸 이하,울산,60-69,무직,2,2>3,3,5>5>5,4>4>4,5>5>5,3,4,2,1>2>14,38>34>42,57>56>63,1>34>38,1,4,1,4,,"집안에 있는 낡은 전기 배선이나 가스 시설들이 노후화되어 고장 나면서 사고가 많이 나는데, 이를 미리 감지하는 기술이 부족한 것 같습니다. 또한 혼자 사는 어르신들이 복잡한 기계를 잘못 다루다가 사고를 당하는 일도 늘어날 것 같아 걱정됩니다."
139dfed777164d849a2bb5693073c24c,0.7788,여성,24,고졸 이하,경북,19-29,골프장 캐디,2,4>3,3,5>5>5,4>4>4,5>5>5,3,4,2,1>2>13,34>29>35,56>57>58,34>1>29,1,4,1,4,1,요즘 AI 기술을 이용한 보이스피싱이나 딥페이크 같은 사이버 범죄가 점점 정교해져서 일반인들이 속쉽게 당할 것 같아 위험하다고 느껴요. 또 제가 사는 곳은 공단 근처라 화학 물질 누출 사고나 갑작스러운 대형 화재 같은 것도 항상 조심스럽게 생각하고 있습니다.
392991f0f7204b53beefbdee9e428865,0.8230,여성,42,대학교 졸업,전북,40-49,상담 전문가,2,3>2,3,5>5>5,4>4>3,5>4>5,3,4,2,9>2>14,27>34>51,56>57>60,27>34>9,1,4,1,4,,전주와 같은 분지 지형은 여름철 폭염과 집중호우에 취약하여 기후 변화에 대비한 예방 기술이 필요하다고 생각합니다. 또한 상담 현장에서 겪는 것처럼 개인의 심리적 위기가 ICT 등을 통해 조기에 발견되지 못하면 사회적 안전사고로 이어질 수 있으므로 이에 대한 관리도 중요합니다.
c3905936adb34a62beefc651dae42ba4,0.4393,남성,58,고졸 이하,광주,50-59,강구조물 건립원,2,2>3,3,5>5>5,4>4>4,5>5>5,4,5,2,2>1>9,46>34>29,56>63>57,2>46>34,1,3,1,4,,건설 현장에서 오래 일하다 보니 노후화된 건축물이나 시설물이 무너질까 봐 늘 불안한 마음이 듭니다. 또 최근에는 예전엔 없던 폭우나 폭염 같은 기상 이변도 우리 사회의 큰 잠재적 위험 요인이 되고 있다고 느낍니다.
021db2ec6a23444ba03762cf3546248c,0.7607,남성,55,대학교 졸업,전북,50-59,육상운송 관련 관리자,2,2>3,3,5>5>5,4>4>4,5>5>5,3,4,2,1>2>22,29>34>27,63>57>56,29>1>34,1,3,2,,1,도로와 교량 같은 기반시설이 노후화되면서 사고 위험이 점점 커지고 있다고 느낍니다. 또한 최근 들어 기상이변이 잦아져서 예측하기 힘든 태풍이나 집중호우에 미리 대비하는 것이 필요하다고 생각합니다.
c1b375afa6bb4a76b9b6d74149aab857,1.7323,남성,53,고졸 이하,경기,50-59,무직,2,2>3,3,4>5>4,3>4>3,4>5>4,3,4,2,2>1>13,34>29>27,56>57>63,34>2>29,1,3,2,,8,거주지 주변이 재개발 구역이라 공사 중인 곳이 많고 건물이 낡아서 화재나 건축물 사고 위험이 큽니다. 또한 최근 기상이변으로 인한 집중호우가 들면 지하나 저지대가 침수될까 봐 걱정이 됩니다.
802e39f37db84045ad611a2d1b58c0fd,1.9614,여성,46,고졸 이하,경기,40-49,전기 용접원,2,2>3,3,5>5>5,4>4>4,5>5>5,3,5,2,1>2>9,34>36>38,63>57>56,34>63>1,1,3,2,,17,"요즘 공장에 로봇이 많이 들어오는데, 그게 고장 나거나 오작동하면 사람이 손 쓸 수 없는 대형 사고가 날 수 있어서 위험한 것 같습니다. 그리고 갑자기 기상이 너무 더워지거나 비가 많이 오면 공단 지역이라 침수되거나 설비에 문제가 생겨 큰일 날까 봐 걱정돼요."
c18d6cd90b9743a6a2c7af3c5acdea28,0.3740,여성,45,대학교 졸업,제주,40-49,무직,2,2>3,3,5>5>5,4>4>4,5>5>5,3,5,2,1>2>4,27>34>39,56>68>57,1>27>34,1,3,2,,1,"제주도의 급격한 고령화로 인해 태풍이나 폭우와 같은 재난 발생 시 거동이 불편한 어르신들의 신속한 대피와 지원이 어려운 점이 큰 잠재적 위험요인이라고 생각합니다. 또한, 기후 변화로 인한 예측 불가능한 이상 기후가 어르신과 아이들의 건강에 미칠 영향도 우려되므로 이에 대한 선제적인 관리가 필요하다고 봅니다."
b7470844104f4da6a0996faaec2be2a3,1.0317,남성,28,대학교 졸업,경북,19-29,무직,3,3>4,3,5>5>5,4>4>4,5>5>5,3,5,2,1>2>9,51>50>27,57>58>56,51>1>27,1,4,1,4,,AI 기술을 악용한 딥페이크 보이스피싱 같은 신종 사이버 범죄가 점점 더 교묘해져서 큰 사회적 문제가 될 것 같습니다. 그리고 우리 동네처럼 노령화가 심한 지방 도시는 돌봄 공백이나 재난 대피 시스템의 허점 때문에 사고가 났을 때 피해가 클 수 있다고 생각합니다.
cc043407183f4532b27ea74d8d0be5be,0.5223,여성,60,고졸 이하,대전,60-69,출판 및 자료편집 사무원,2,2>3,3,5>5>4,4>4>3,5>5>4,3,4,2,2>9>14,27>34>51,56>57>68,34>27>2,1,3,1,4,,"기후 변화로 인한 예측 불가능한 국지성 호우로 인한 도시 침수 피해가 우려되며, 정보 격차를 이용한 고령자 대상의 보이스피싱과 같은 지능형 범죄가 심각한 위협이 될 것 같습니다."
5c4e132e49de461dac05cc4e7c321f2d,1.3668,여성,55,고졸 이하,서울,50-59,음식 서비스 종사원,2,2>1,3,4>4>4,3>3>3,4>4>4,3,4,2,2>9>1,27>34>42,64>57>56,64>34>27,1,4,1,4,,저희처럼 오래된 단독주택이 모여 사는 곳은 노후된 전기·가스 시설로 인한 화재나 안전사고 위험이 점점 커지는 것 같아 걱정입니다.
1e648d6d783b4b5db218940ce1486edf,0.8396,여성,44,대학교 졸업,인천,40-49,119 구조대원,3,5>3,3,5>5>5,4>4>4,5>5>5,3,5,3,1>2>13,34>27>29,56>59>61,34>29>27,3,3,2,,8,"기후 변화로 인한 예측 불가능한 국지성 호우와 도시형 홍수가 점차 늘어나고 있어 이에 대한 선제적인 대응 기술 개발이 시급합니다. 또한, 재난 현장에 투입되는 구조대원과 피해자들의 외상 후 스트레스 장애와 같은 심리적 피해를 완화할 수 있는 정신 건강 관리 분야도 중요한 잠재적 위험요인이라고 생각합니다."
1c8c66fafb224c30844115288c3303f7,0.4494,여성,39,대학교 졸업,울산,30-39,사무 보조원,2,2>3,3,4>5>5,3>4>4,4>5>5,3,5,2,1>9>2,27>34>39,56>63>57,27>34>39,1,3,2,0,17,요즘 AI 기술로 인한 보이스피싱이나 딥페이크 같은 사이버 범죄가 너무 늘어나서 걱정입니다. 또한 기후 변화 때문에 여름철 폭염이 심해져서 거리를 다니는 것조차 위험해지는 것 같아요.
6c59085b38c045b18d399fdcb148ae37,1.6703,여성,33,대학교 졸업,경기,30-39,무직,2,3>2,3,5>5>5,4>4>4,5>5>5,3,5,4,2>9>1,27>34>42,56>57>60,27>34>2,1,4,1,4,,"급변하는 AI 기술로 인한 딥페이크나 보이스피싱과 같은 사이버 범죄가 개인정보 유출과 금전적 피해를 입히는 심각한 사회재난이 될 것이라 생각합니다. 또한, 기후 변화로 인한 예측 불가능한 국지성 호우가 도시 기능을 마비시키거나 아파트 지하 공간을 침수시키는 피해가 점점 더 커질 것 같습니다."
9bbc119bfd5d4a8e9cd36d58167a42d3,1.0887,남성,33,고졸 이하,인천,30-39,금형원,2,3>2,3,5>5>5,4>4>4,5>5>5,3,4,2,1>2>9,34>35>27,63>56>57,63>34>1,1,3,1,3,,"최근 기후 변화로 인해 예측하기 힘든 태풍이나 국지성 호우가 자주 발생하는데, 이로 인한 도심 침수 피해가 잠재적 위험요인이라고 생각합니다. 또한 공장에서 일하면서 느끼는 건데, 고령화된 산업 시설이나 노후화된 배관에서 발생할 수 있는 가스 누출이나 화학 물질 사고도 조심해야 한다고 봅니다."
b3862e0695cf4a8d834b9489c840efc6,0.7318,남성,42,고졸 이하,강원,40-49,지게차 운전원,2,2>4,3,5>5>5,4>4>4,5>5>5,3,5,2,13>1>5,34>29>27,63>56>57,63>34>29,1,4,1,15,,"최근 가족들이 스마트폰을 많이 사용하는데, AI 기술을 이용한 보이스피싱이나 딥페이크 같은 범죄가 부모님이나 아이들에게 큰 위협이 될 것 같습니다. 또한 공장에서 자동화 설비가 늘어나는데, 기계가 고장 났을 때 이를 제때 감지하지 못해 대형 사고로 이어질까 봐 우려가 됩니다."
95a294b3181e459faa145698c1f0454d,0.7923,남성,62,고졸 이하,전남,60-69,그 외 일반 영업원,2,2>1,3,5>4>5,3>3>4,4>4>4,3,4,2,1>2>9,27>30>34,62>59>57,1>27>62,1,3,2,,4,"요즘 날씨가 예전 같지 않아서 갑자기 몰려오는 태풍이나 폭우가 제일 겁나고, 우리 같은 섬 지역은 고령자가 많아서 비상 상황에 제때 대처하지 못할까 봐 걱정됩니다."
a386b559962245c2987b3544a396afaf,0.4427,남성,53,대학원 졸업,대전,50-59,무직,3,3>4,3,5>5>5,4>4>4,5>5>5,3,4,2,14>1>13,34>51>29,56>57>58,14>34>56,1,4,1,4,,"노후화된 아파트 단지와 도시 기반 시설물에 대한 정밀한 안전 진단 기술이 부족하여, 예상치 못한 고장이나 붕괴 사고가 발생할 가능성이 있다고 봅니다. 또한, 급변하는 기후 변화로 인한 집중호우나 폭염 등에 대비한 기존 인프라의 내진 및 내설 설계 기준 보완도 시급하다고 생각합니다."
9a21fb83b32542faa1668d7417b17da4,1.8749,남성,22,고졸 이하,경기,19-29,"전직 해군 부사관, 현재 구직중",2,4>3,3,5>4>4,3>3>3,4>4>4,3,4,2,1>2>9,34>29>51,56>57>59,34>1>29,1,3,2,0,8,"요즘 AI 기술을 악용한 딥페이크나 보이스피싱 같은 사이버 범죄가 늘어나고 있는데, 이를 사회적 재난으로 분류해서 선제적으로 관리해야 한다고 생각합니다. 또한 저희 동네처럼 오래된 아파트가 많은 곳은 노후화로 인한 화재나 시설물 사고 위험이 잠재적으로 크다고 느껴집니다."
bed016a3006e4dd6bc17f7dbd7f08357,0.8300,남성,54,고졸 이하,경북,50-59,그 외 운송장비 조립원,2,2>3,3,4>5>4,4>4>4,4>5>4,4,5,1,1>2>9,34>35>29,63>56>57,34>63>1,1,4,1,1,,"요즘 날씨가 예전 같지 않고 너무 더워지거나 비가 갑자기 쏟아지는 일이 잦은데, 이런 이상 기후로 인한 피해가 걱정됩니다. 그리고 공장이나 오래된 건물들이 많은데 화재나 시설 노후화로 인한 사고가 나지 않도록 미리 점검하는 기술이 필요합니다."
430b7894c52a4e0691c7a920808bb3b2,0.7784,여성,53,고졸 이하,대구,50-59,주방 보조원,2,2>3,3,5>5>5,4>4>4,5>5>5,3,4,2,9>1>2,27>34>42,64>57>56,27>34>64,1,3,1,4,,"요즘 날씨가 너무 덥거나 추워서 기상 변화로 인한 건강 피해가 걱정되고, 오래된 주거지라 화재나 가스 사고 같은 안전사고도 더 조심해야 할 것 같습니다."
845d0da974874f98a68fbcbbbf85004e,0.2941,여성,22,대학교 졸업,세종,19-29,주방 보조원,2,4>2,3,5>5>5,4>4>4,4>4>4,3,4,2,9>2>14,34>27>29,64>57>56,34>27>9,1,4,1,4,,요즘 기후 변화로 인해 여름철에 폭염이나 갑작스러운 집중호우가 자주 발생하는데 이에 대한 대비가 부족한 것 같습니다. 그리고 인공지능 기술이 발달하면서 보이스피싱 같은 사이버 범죄가 더 정교해져서 일반인들이 피해를 보기 쉬운 것 같아요.
f73585a60420479bbd49e2c9fd97d307,1.8362,남성,36,대학교 졸업,경기,30-39,산업 안전원,2,3>4,3,4>5>4,4>4>4,4>5>4,2,4,2,1>2>9,34>47>35,57>63>56,34>47>63,1,4,1,4,,"성남 중원구와 같은 구도심의 노후화된 지하 매설 전력 케이블 및 가스 배관 관련 사고가 잠재적 위험으로 보입니다. 또한, 기후 변화로 인한 예측 불가능한 국지성 호우가 도시 배수 시스템의 한계를 넘어설 경우 발생할 침수 피해도 우려됩니다."
39e01aed539d41c19f0eb54620d6446f,1.9614,여성,41,대학교 졸업,경기,40-49,무직,3,2>3,3,5>5>5,4>4>4,5>5>5,3,5,2,13>1>9,34>35>29,56>57>60,34>35>56,1,4,1,1,,"신도시 개발이 활발한 화성 지역 특성상, 대규모 아파트 단지와 인프라가 노후화되면서 발생할 수 있는 시설물 사고를 선제적으로 관리해야 합니다. 또한 기후 변화로 인해 여름철 집중호우와 태풍의 피해가 점차 커지고 있어 이에 대한 대비도 중요한 잠재적 위험 요인이라고 생각합니다."
30f54a9091a746d6883e6e907012e64b,0.7784,여성,53,대학교 졸업,대구,50-59,무직,2,2>4,3,5>5>5,4>4>4,5>5>5,3,5,2,2>9>14,34>27>29,56>57>60,34>27>2,1,3,2,,8,"최근 AI 기술을 이용한 보이스피싱이나 딥페이크 같은 범죄가 늘어나고 있어서, 이러한 첨단 기술을 악용한 사회적 위험에 대한 대비가 필요하다고 생각합니다. 또한 기후 변화로 인한 예측 불가능한 폭우나 폭염 등 이상 기후가 우리 일상생활에 미칠 영향도 큰 잠재적 위험요인인 것 같습니다."
fdf818b59ced4dc78bdea2e7200d8cdb,1.5143,남성,61,대학교 졸업,서울,60-69,무직,3,2>3,3,5>5>5,4>4>3,5>5>5,4,5,2,2>1>3,51>34>27,56>57>60,2>51>34,1,3,2,,8,"최근 인공지능 기술을 악용한 보이스피싱 등 사이버 범죄가 기승을 부려, 기술 발전에도 불구하고 개인의 금전적 피해가 증가할 것 같습니다. 또한 기후 변화로 인한 기록적인 폭염이나 국지성 호우가 예측하기 힘든 형태로 나타나 건강과 재산에 위협이 될 것 같습니다."
971b3258275a41e7b63876be87695389,1.9973,여성,26,대학교 졸업,경기,19-29,일반 비서,2,3>2,3,5>5>5,4>4>4,5>5>5,3,5,2,1>2>13,29>38>34,56>57>63,1>29>34,1,4,1,4,,"노후화된 산업 시설과 주거 인프라로 인한 화재 및 가스 누출 사고, 그리고 기후 변화로 인한 예측 불가능한 기상 재해가 잠재적 위험요인이라고 생각합니다. 또한, 아이를 키우는 부모로서 미세먼지와 같은 환경오염이나 새로운 감염병의 확산도 걱정됩니다."
9670c8cd9e8f45ef976682b3c766017d,1.6703,여성,38,고졸 이하,경기,30-39,매장 계산원,2,3>2,3,5>5>5,3>3>3,4>4>4,3,4,1,1>2>9,27>34>29,56>57>64,27>1>34,1,3,2,,8,기후 변화로 인한 예측 불가능한 태풍과 국지성 호우로 인한 도심 침수가 점점 더 위험해지는 것 같습니다. 또한 최근 AI 기술을 이용한 보이스피싱 같은 지능형 범죄가 늘어나고 있어서 이에 대한 기술적인 대비도 필요하다고 생각합니다.
8c7c31547189463e8db4bf3560ab62b4,0.2759,남성,49,대학교 졸업,세종,40-49,상품 기획자,3,3>2,3,5>5>5,4>4>4,5>5>5,3,5,2,1>2>13,27>29>34,56>57>63,1>29>34,1,4,1,4,,"급격한 기후변화로 인한 예측 불가능한 국지성 호우와 도시 기반시설의 노후화에 따른 안전사고 위험이 증가하고 있습니다. 또한, 고령화 사회로 진입함에 따라 재난 상황 발생 시 취약계층을 보호할 수 있는 맞춤형 안전 서비스의 부재가 잠재적 위험 요인이라고 생각합니다."
361c372af72a4af1aeda458fe88b8201,1.5143,남성,61,대학원 졸업,서울,60-69,조사 전문가,3,2>3,3,5>5>4,4>4>3,5>4>4,3,5,2,1>9>7,27>29>34,56>62>58,1>27>29,1,4,1,1,,기후 이상 변화로 인한 농산물 작황 불안과 유통망 단절이 식량 안보에 미칠 위험이 크다고 봅니다. 또한 고령화 사회에서 디지털 기술을 이용한 금융 사기나 보이스피싱 같은 신종 범죄가 증가할 것 같아 우려됩니다.
bc484cc4842948ae96412ab27e6ba8bf,1.0317,남성,22,대학교 졸업,경북,19-29,온라인 쇼핑 판매원,2,4>3,3,4>4>4,3>3>3,4>4>4,2,4,2,1>2>9,51>27>42,56>57>58,51>1>27,1,4,1,4,,"AI 기술 발전으로 인한 딥페이크나 보이스피싱 같은 신종 사이버 범죄가 우려되며, 기후 변화로 인한 예측 불가능한 국지성 호우로 인한 침수 피해가 잠재적 위험요인이라고 생각합니다."
b26420014c7a494d8f1c615c4549caf2,1.7742,여성,64,고졸 이하,경기,60-69,무직,1,2>1,3,5>5>5,4>4>4,5>5>5,3,4,2,1>2>9,34>27>29,56>68>67,34>1>27,1,4,1,3,,요즘 스마트폰으로 오는 인공지나 보이스피싱 같은 기술 범죄가 너무 교묘해서 노인들이 속기 쉽고 위험해요. 그리고 여름 날씨가 너무 더워져서 야외 활동이나 집안일을 하다가 건강을 상하지 않을까 걱정돼요.
cb81501c727a45fba3a24f0f3a2045f4,1.6841,여성,40,대학교 졸업,서울,40-49,무직,2,3>2,3,5>5>5,4>4>4,5>5>5,3,4,2,1>2>13,27>34>42,56>57>58,27>13>42,1,4,2,,3,"기후 변화로 인한 도시 열섬 현상이 고령 거주자에게 미치는 건강 피해와, 디지털 기술 발달에 따른 딥페이크 등 개인정보 침해 범죄가 증가할 것입니다."
c500d22a6ec041d3b88247b9cfbff2bf,0.9458,남성,19,고졸 이하,충남,19-29,지게차 운전원,2,4>3,3,5>5>4,4>4>3,5>4>4,4,5,2,1>2>14,34>29>27,63>56>57,29>34>63,1,4,1,4,,"요즘 날씨가 너무 이상해서 갑자기 폭우가 쏟아지거나 무더위가 심해지는 기후 변화가 재난처럼 느껴집니다. 그리고 공장에서 일하다 보니 새로운 형태의 화학 물질 누출 사고나, 또 다른 바이러스 감염병이 돌아서 일을 못 하게 될까 봐 걱정됩니다."
d850ada445074998b0b52b9a7eb32bb0,0.5118,남성,57,대학교 졸업,충북,50-59,"전직 식품 생산 관리자, 현재 구직중",4,2>3,3,5>5>5,4>4>4,5>5>4,3,5,2,1>2>9,27>34>29,64>63>56,27>34>64,1,4,1,4,,지금까지 경험해보지 못한 기상 이변으로 인한 집중호우가 우리 동네의 노후된 지하 시설이나 배수 시설에 미칠 영향이 가장 우려됩니다. 또한 급격한 고령화와 더불어 디지털 기술을 이용한 보이스피싱이나 사이버 범죄 같은 새로운 유형의 사회적 위험도 커지고 있다고 느낍니다.
6ed002cfbced45cfa10d1141b7e66ecc,0.4433,여성,27,대학교 졸업,광주,19-29,국가행정 사무원,2,3>4,3,5>5>5,4>4>4,5>5>5,3,4,2,9>1>2,27>34>51,56>57>64,27>9>34,1,4,1,4,,최근 인공지능 기술의 발달로 인한 딥페이크나 보이스피싱과 같은 범죄가 더 교묘해질 것 같아 걱정됩니다. 또한 기후 변화로 인한 이상 기후로 도심에서의 집중호우나 폭염 등이 갑자기 발생해 일상생활에 큰 위협이 될 수도 있다고 생각합니다.
6c0dbfe7378b478ba932ed442f141de3,0.7524,남성,37,대학교 졸업,대전,30-39,품질 관리 사무원,3,3>4,3,5>5>4,4>4>4,5>5>4,3,5,2,13>2>1,35>34>38,57>63>56,34>35>13,1,3,1,4,,"노후화된 주거지역의 지반 약화와 낡은 건축물로 인한 구조적 붕괴 위험이 점차 커지고 있다고 느낍니다. 또한, 대기업에 비해 안전 관리가 소홀할 수 있는 중소 제조 현장의 화학 물질 누출이나 기계 사고 같은 산업재해도 선제적으로 관리되어야 할 잠재적 위험 요인입니다."
f21a5ee856ae453c91a938e01d777732,0.3847,여성,48,고졸 이하,대전,40-49,소규모 상점 경영자,2,2>3,3,4>4>5,3>3>3,4>4>4,3,5,2,1>2>9,34>35>27,56>57>60,34>1>2,1,4,1,4,1,"오래된 건물과 상하수도 등 인프라의 노후화로 인한 시설물 사고, 그리고 부모님 세대를 겨냥한 보이스피싱 같은 사이버 범죄가 정부의 재난 관리가 필요한 잠재적 위험요인이라고 생각합니다."
88caac8a940b4bd89d8e107e7931de77,0.7784,여성,56,대학교 졸업,대구,50-59,교육 및 훈련 사무원,3,4>3,3,5>5>5,4>4>4,5>5>5,3,5,2,9>2>13,27>51>34,56>57>58,27>9>51,2,4,1,4,,"최근 AI 기술의 발달로 인한 딥페이크 등 사이버 범죄의 확산과, 기후 위기로 인해 예측 불가능해진 극한 폭염 같은 기상 이변이 새로운 잠재적 위험요인이라고 생각합니다. 이는 기존의 재난 관리 시스템으로는 대응하기 어려운 영역이라 선제적인 관리가 필요해 보입니다."
862909b4769747949f61d2d67fa97cc7,1.4970,여성,32,대학교 졸업,인천,30-39,자재 및 구매 관리자,3,3>2,3,5>5>4,4>4>4,5>5>4,3,4,2,1>2>13,27>34>46,56>57>58,1>27>34,1,3,2,,1,노후화된 주거지와 공공시설의 안전 관리 부재로 인한 시설물 사고가 잠재적인 위험 요인이라고 생각합니다. 또한 기후 변화로 인한 예측 불가능한 국지성 호우나 태풍이 기존 배수 시스템을 상회하여 도심 침수 피해를 일으킬 가능성도 큽니다.
6a8e82a045274920903394d51d965287,0.3847,여성,49,대학교 졸업,대전,40-49,무직,2,2>3,3,5>5>5,4>4>4,5>5>5,3,4,2,1>2>9,34>27>29,56>57>58,34>1>27,1,4,1,4,,요즘 날씨가 너무 덥거나 추워서 폭염이나 한파 같은 기상 이변으로 인한 건강 피해가 점점 늘어나는 것 같아 걱정됩니다. 그리고 우리 동네도 아파트가 노후화되고 있어서 가스 누출이나 화재 같은 생활 밀착형 사고 예방도 더 신경 써야 할 것 같습니다.
357527fe67914c1cb2d292084cf5db2c,1.0423,여성,58,대학교 졸업,경남,50-59,호텔 서비스원,2,2>4,3,5>5>5,4>4>4,5>5>5,3,4,2,1>23>2,34>27>29,56>57>61,1>34>27,1,3,1,15,0,급격한 기후 변화로 인해 해안 침식이 가속화되어 남해의 자연경관과 주거 안전이 위협받을 가능성이 큽니다. 또한 지역 내 고령 인구 비율이 높아 태풍이나 호우 같은 재난 발생 시 신속하게 대피하지 못하는 취약계층을 위한 맞춤형 기술 지원이 필요합니다.
7c071ca455f04d54a8fdb7b2cec9e147,0.8470,남성,45,대학교 졸업,충북,40-49,무직,2,2>3,3,4>4>4,4>3>3,4>4>4,2,4,2,13>2>14,34>27>29,57>58>56,34>13>27,1,4,1,4,,"최근 백운산 등산을 갈 때마다 산사태 위험 표지판이 많이 보여서, 국지적인 호우 시 급경사지 붕괴 위험이 크다고 느낍니다. 또한 저희 같은 지방 도시는 노후된 주택과 전기 배선이 많아, 예기치 못한 전기 화재가 잠재적인 위험 요인이라고 생각합니다."
8e1dadc6088b46aabcd48c185ee0664a,0.4216,여성,59,대학교 졸업,제주,50-59,무직,2,2>3,3,5>5>5,4>4>4,5>5>5,3,4,2,1>4>13,27>34>29,59>56>58,1>27>34,1,4,1,18,,"기후 변화로 인해 예전보다 훨씬 강력한 태풍이나 폭염이 자주 발생하여, 오래된 주택에 사는 어르신들이 겪을 열사병이나 주택 피해가 큰 위험요인이 될 것 같습니다. 또한, 디지털 기술 발달로 인한 AI 보이스피싱과 같은 신종 범죄도 재난급으로 관리되어야 한다고 생각합니다."
cec57e98d75747e99d7c732dcbbd3f4f,1.1381,여성,44,대학교 졸업,경남,40-49,출판 및 자료편집 사무원,3,3>2,3,5>5>5,4>4>4,5>5>5,3,5,2,1>14>2,27>34>51,56>59>58,1>27>14,1,4,2,,1,"최근 기후 변화로 인해 태풍이나 집중호우의 강도가 예전보다 훨씬 강해지고 있어서, 기존 시설로는 대응하기 어려운 극한 기상 상황이 잠재적 위험요인이라고 생각합니다. 또한 급증하는 AI 기술을 악용한 딥페이크나 사이버 범죄 같은 새로운 유형의 사회적 위협도 재난 차원에서 선제적으로 관리해야 한다고 느낍니다."
9744aa71bb0848ea837e055b3269c4a9,0.9399,남성,56,고졸 이하,인천,50-59,시외 및 고속 버스 운전원,2,2>3,3,5>5>5,4>4>4,5>5>5,4,5,2,1>2>23,29>27>34,56>57>61,29>1>27,1,4,1,3,,요즘 길을 걸으면서 스마트폰만 보고 걷는 사람들이 너무 많아서 대형 교통사고가 날까 봐 걱정됩니다. 그리고 갑작스러운 기상 변화로 도로가 갑자기 물에 잠기는 침수 사고도 미리 대처해야 할 위험인 것 같습니다.
5094aea1f7c745e5a84707881cef67a2,0.4873,여성,60,고졸 이하,광주,60-69,무직,2,2>3,3,5>5>5,4>4>4,5>5>5,3,4,2,1>2>9,34>27>35,56>57>58,34>1>27,1,4,1,4,,"요즘 혼자 사는 노인이 많아지는데, 집 안에서 가스 불이나 화재가 나면 아무도 몰라서 큰일 날까 봐 겁납니다. 그리고 어른들한테 많이 하는 보이스피싱 같은 것도 재난처럼 관리가 되었으면 좋겠습니다."
b1505011809c4eb1beb73e87ca1e16b7,0.5223,여성,64,대학교 졸업,대전,60-69,무직,2,2>3,3,5>5>5,4>4>4,5>5>5,3,4,2,2>9>1,27>34>29,56>57>68,27>34>2,1,4,1,4,,요즘 같이 날씨가 급변할 때는 갑자기 쏟아지는 비로 인해 골목길이 침수되어 다치는 사고가 걱정됩니다. 또한 집안 곳곳에서 사용하는 노후된 가스 기구나 전기 설비로 인한 화재가 발생할까 봐 항상 마음을 쓰고 있습니다.
47e9daca60864ae790414334f1e1a149,1.9973,여성,23,대학교 졸업,경기,19-29,무직,2,3>4,3,5>5>5,3>3>4,4>4>5,3,5,2,2>9>14,27>34>42,56>57>58,27>34>2,1,4,1,4,,"최근 AI 기술의 발달로 인한 딥페이크와 같은 디지털 성범죄가 젊은 여성들에게 심각한 위협이 되고 있어 선제적인 관리가 필요하다고 생각합니다. 또한, 취업 준비생이나 1인 가구가 겪는 사회적 고립과 우울감으로 인한 정신 건강의 위기도 재난 차원에서 다뤄져야 합니다."
8b7751ee104747c393afae6d17dd0073,0.2162,여성,31,고졸 이하,세종,30-39,가스 점검원,2,2>3,3,5>5>5,4>4>4,5>5>5,3,5,2,9>2>13,35>34>46,57>56>58,35>34>9,1,4,1,4,0,"가스 점검원으로서 일하면서 느끼기에, 혼자 사시는 어르신들이 가스 누출이나 화재 같은 비상 상황에 제때 대처하지 못해 발생하는 사고가 참 위험해 보입니다. 또 세종시는 도로가 넓어 차들이 속도를 내는 경우가 많은데, 이로 인한 대형 교통사고도 잠재적인 위험요인이라고 생각합니다."
869ec9a8291747d2b4cb36fb9acdb03d,0.6476,여성,37,대학교 졸업,대구,30-39,마케팅 전문가,2,3>2,4,5>5>5,4>4>4,5>5>5,3,5,2,1>9>14,27>34>42,56>57>58,27>34>1,1,4,1,4,,"급격한 기후 변화로 인한 도시 열섬 현상과 이상 고온, 그리고 노후화된 지하 매설물 및 도시 기반 시설의 사고 위험이 잠재적 위험요인으로 생각됩니다."
ba8e2ce5780c44ca831b3769b356ea67,0.4427,남성,59,고졸 이하,대전,50-59,승용차 및 승합차 운전원,2,2>3,3,5>5>5,4>4>3,5>5>5,4,5,1,2>1>9,29>34>35,57>58>56,29>34>2,1,4,1,4,,"최근 기상이 변덕스러워져서 갑자기 쏟아지는 비로 인한 골목길 침수와, 노후된 주택가에서 발생할 수 있는 화재 위험이 점점 커지는 것 같습니다."
922c9150558f4938bcc682c47df7cab9,0.8300,남성,59,고졸 이하,경북,50-59,금형원,2,2>4,3,5>5>5,4>4>4,5>5>5,3,5,2,1>2>9,34>35>38,63>57>56,34>63>38,1,3,2,0,17,공장 설비가 노후화되어가면서 기존 안전 점검으로는 발견하기 힘든 고장으로 인한 화재나 가스 사고가 발생할까 봐 걱정됩니다. 또한 요즘처럼 날씨가 예측 불가능하게 변하면서 공장 침수 같은 돌발 상황에 대비하는 기술이 더 필요하다고 생각합니다.
187d5211abca4b1a95d8e846586bd605,1.8749,남성,23,대학교 졸업,경기,19-29,경리 사무원,2,4>3,3,5>5>5,4>4>3,5>5>5,3,5,2,1>2>9,34>51>41,56>57>63,34>1>51,1,4,1,3,,"거주지 주변이 산업단지라 화학 물질 누출 사고나 노후된 시설에서의 화재가 위험해 보입니다. 또한 IT 기술에 의존하는 생활이 늘어나면서, 개인정보를 탈취하는 새로운 유형의 사이버 범죄도 잠재적 위험 요인이라고 생각합니다."
6814f17ba94c4ed28258e5a8f15d31cd,1.3668,여성,51,고졸 이하,서울,50-59,신차 영업원,2,3>2,3,5>5>5,4>4>4,5>5>5,3,5,2,1>2>9,29>34>27,56>57>58,29>1>34,1,3,2,,8,"최근 기상이변으로 인한 예측 불가능한 국지성 호우가 도시 침수 피해를 일으켜 우려되며, 고령화 사회에서의 돌봄 공백과 같은 사회적 안전 사각지대도 새로운 위험요인이라고 생각합니다."
c189719a0dc84294b0772d5de9e277d4,0.7396,여성,61,고졸 이하,전남,60-69,무직,2,2>1,3,4>4>5,3>3>3,4>4>4,3,4,2,1>2>13,27>34>29,57>58>68,1>34>27,1,4,1,15,,"요즘 날씨가 너무 변덕스러워서 갑자기 쏟아지는 장마나 태풍 같은 자연재해가 걱정되고, 우리 동네처럼 노인분들이 많이 사는 곳은 보이스피싱 같은 사기 범죄에 당할 위험이 큰 것 같습니다."
01b7c3e7b39a4334bfbe2f5f75e872a4,1.7593,여성,29,대학교 졸업,서울,19-29,광고 전문가,2,4>3,3,5>5>5,4>4>4,5>5>5,3,5,2,2>9>1,27>34>29,56>57>58,27>34>2,1,3,2,,1,"기후 위기로 인한 예측 불가능한 국지성 호우와 폭염이 도심 생활에 큰 위협이 되고 있습니다. 또한, AI 기술의 발전에 따른 딥페이크 등 디지털 범죄와 개인정보 유출 사고도 심각한 사회적 재난으로 대두될 것 같습니다."
1d7d18472f8a4d81ad18a4cfd03c6f8e,0.9171,여성,33,대학원 졸업,부산,30-39,무직,2,3>2,3,5>5>5,3>4>4,5>5>5,3,4,2,1>13>2,27>34>51,56>57>58,1>27>34,1,3,2,,1,"급격한 기후변화로 인한 집중호우가 온천천 주변 저지대의 침수 위험을 높이고 있고, 고령화된 주거 환경에서의 독거노인 안전사고, 그리고 AI 기술을 악용한 보이스피싱 등 디지털 범죄가 심각한 잠재적 위험 요인이라고 생각합니다."
761427a215054baab31b4c1ae1ae1a36,0.6911,여성,58,고졸 이하,전남,50-59,농업 단순 종사원,1,2>1,2,5>5>5,3>3>3,5>5>5,2,4,2,1>2>13,27>33>34,62>57>68,1>2>13,1,3,2,,1,날씨가 점점 이상해져서 예측하지 못하는 태풍이나 폭우가 갑자기 들이닥쳐 농사를 망칠까 봐 제일 겁납니다. 그리고 농촌에 노인네들만 남아서 혼자 살다가 갑자기 아프거나 넘어져도 도와줄 사람이 없는 그런 상황도 재난처럼 위험하다고 생각합니다.
5d436af8d01e4c91a91c0513b451fab1,0.4420,여성,35,대학교 졸업,대전,30-39,무직,2,3>4,3,5>5>5,4>4>4,4>4>5,3,4,2,1>2>9,27>34>42,56>57>60,27>1>34,1,4,1,4,,"거주하는 아파트가 노후되어 가스 폭발이나 화재 같은 사회적 재난이 발생할까 봐 항상 조심스럽습니다. 또한, 요즘은 금융 사기나 개인정보 유출 같은 사이버 범죄도 일상 속의 큰 위협으로 느껴집니다."
9d894bfd3adf4cc28361297e7b2fbb03,1.6841,여성,46,대학교 졸업,서울,40-49,무직,2,2>3,3,5>5>5,4>4>4,5>5>5,3,5,2,2>1>9,27>34>41,56>68>58,27>34>2,1,3,2,,1,급격한 기후 변화로 인한 예측 불가능한 집중호우나 폭염이 일상생활을 위협하는 잠재적 위험요인이라고 생각합니다. 또한 고령의 어머니와 함께 살기 때문에 AI 기술을 악용한 지능형 보이스피싱이나 스마트폰 관련 사기 같은 범죄도 점점 더 위험해지고 있다고 느낍니다.
ceb10cb47a174d4f8a6f50847b858a7f,0.9544,남성,59,대학교 졸업,부산,50-59,일반 비서,2,2>3,3,5>5>5,4>4>4,5>5>5,3,5,2,1>2>14,34>35>38,63>56>57,34>1>63,1,3,2,0,1,"기후변화로 인해 예측하기 힘든 국지성 호우와 태풍이 빈번해져, 노후된 주거지와 도로의 침수 피해가 우려됩니다. 또한 고령화 사회로 접어들면서 재난 상황 발생 시 노약자들이 신속하게 대피하지 못하는 사회적 취약성도 큰 위험 요인이라 생각합니다."
f8775238401b4038912ca22cb5a9f0ea,0.7247,남성,25,고졸 이하,전남,19-29,그 외 건축 마감 관련 기능 종사원,2,4>3,3,5>5>5,4>4>4,5>5>5,3,5,2,1>2>13,46>34>38,63>56>57,1>46>63,1,3,2,0,8,우리 동네에 대단위 공단이 있어서 화재나 유독 가스 누출 같은 사고가 날까 봐 항상 마음이 쓰입니다. 또 최근에는 장마 때 집이나 작업장이 물에 잠길까 봐 걱정도 많이 해요.
0c46fb054106432abc6e3285162f29c7,0.7784,여성,56,고졸 이하,대구,50-59,가스 용접원,2,2>3,3,5>5>4,4>4>4,5>5>5,3,5,2,1>9>2,34>35>29,63>57>56,34>63>35,1,4,2,,17,공장 단지 내 노후된 배관이나 전선으로 인한 대형 화재나 가스 누출 사고가 잠재적으로 위험해 보입니다. 또한 갑작스러운 기후 변화로 인한 이상 기후가 산업 현장에 미칠 영향도 걱정됩니다.
a357d7bd25e4460f86e772269da4060a,1.0884,남성,56,고졸 이하,경남,50-59,상품 기획자,2,2>3,3,5>5>5,4>4>4,5>5>5,3,4,2,1>2>13,27>34>29,57>56>60,1>27>2,1,3,2,,1,날씨가 예전 같지 않아서 예측하기 힘든 국지성 호우가 잠재적 위험요인이라고 생각합니다. 또한 지역 내 노후화된 주택이나 상권 시설에서 발생할 수 있는 화재 사고도 큰 우려가 됩니다.
eb976bfad5584899a966f27cd858c499,0.8396,여성,41,고졸 이하,인천,40-49,무직,2,3>4,3,5>5>4,4>4>3,5>5>5,3,5,2,1>2>9,34>27>29,56>57>60,34>27>1,1,3,2,,10,요즘 아이들이 스마트폰을 많이 사용하는데 딥페이크나 AI 기술을 악용한 신종 디지털 범죄가 점점 늘어나고 있어서 걱정됩니다. 또한 기후 변화로 인해 예측하기 힘든 폭우나 폭염 등 이상 기후가 자주 발생해서 가족들의 일상과 건강에 위협이 될까 봐 우려돼요.
7c5f9c8554cb45ef92c14208c6e46a95,1.7154,여성,51,고졸 이하,경기,50-59,대출 모집인,2,2>4,3,5>5>5,4>4>4,5>5>5,3,5,2,1>2>9,27>51>34,56>57>58,27>1>34,1,3,2,,7,요즘은 AI를 이용한 보이스피싱 같은 금융 범죄가 너무 기술적으로 발전해서 일반인들은 속수무책인 것 같습니다. 또한 우리 동네처럼 공단이 밀집해 있는 곳은 화학 물질 누출이나 대형 화재 같은 잠재적 위험도 항상 마음에 걸립니다.
89ee68daa5244dca8a1006262b173979,0.9468,여성,51,대학원 졸업,인천,50-59,마케팅 전문가,3,3>2,3,5>5>4,4>4>3,5>5>5,2,5,2,1>2>9,27>51>34,56>57>60,27>1>51,1,3,2,,10,인공지능 기술을 악용한 고도화된 사이버 범죄와 딥페이크 등으로 인한 사회적 혼란이 잠재적 위험요인이라고 생각합니다. 또한 기후 변화로 인한 돌발적인 기상 이변과 고령화 사회에서 1인 가구의 안전 사각지대 문제도 선제적으로 관리되어야 합니다.
e404a932bcce41d8b09beaa5f65bea66,0.5902,여성,49,고졸 이하,경북,40-49,간호조무사,2,2>3,3,5>5>5,4>4>4,5>5>5,3,5,1,9>2>1,27>34>29,66>56>57,27>9>29,1,4,2,,2,"코로나19보다 더 전염성이 강하고 치명적인 새로운 감염병이 언제든 다시 터질까 봐 걱정되며, 이를 막기 위한 기술이 필요하다고 생각합니다."
a1a49fa32e56430096df348800122f92,0.4433,여성,21,고졸 이하,광주,19-29,"전직 화학물 가열 처리 장치 조작원, 현재 구직중",2,3>4,3,4>5>5,3>4>4,4>5>5,3,4,2,9>1>2,38>27>34,63>57>56,38>9>27,1,3,1,4,,"최근 기후 변화로 인한 폭염과 한파 등 이상 기후가 점점 심해지고 있어 건강 관련 재난이 우려됩니다. 또한, AI 기술 발달에 따른 딥페이크나 사이버 범죄 같은 새로운 유형의 사회적 위험도 선제적으로 관리할 필요가 있다고 느낍니다."
e08561c8f990474ea680adfbb76e9784,0.8301,여성,62,고졸 이하,경북,60-69,무직,2,2>1,3,5>5>5,4>4>4,5>5>5,3,5,2,1>2>5,27>34>35,56>57>68,27>34>1,1,4,1,18,0,"요즘 날씨가 예전 같지 않고 너무 변덕스러워져서 갑작스러운 폭우나 폭염이 올 때 늙은 집이 견딜지, 그리고 몸이 약한 노인들이 어떻게 대처할지 걱정됩니다. 또 동네에 고령자가 점점 많아지는데 혼자 사는 친구들이 사고라도 당하면 어떡하나 하는 불안도 있습니다."
95e713df7e0447879949634b7e49756b,0.9942,여성,62,고졸 이하,경남,60-69,무직,2,2>1,3,5>5>5,4>4>4,5>5>5,3,5,1,13>1>2,27>33>34,58>62>57,13>1>33,1,4,1,7,,"요즘 날씨가 너무 변덕을 부려서 장마철에 비가 쏟아지면 산에서 흙이 내려올까 봐 제일 겁나고, 우리 마을은 늙은이들이 많아서 혼자 살다가 큰불이 나거나 급할 때 도움을 제대로 못 받을까 봐 그것도 큰 위험인 것 같아요."
42a3b3a2cb78436b93778a480f2a8d12,0.4486,남성,62,고졸 이하,광주,60-69,하역 및 적재 관련 단순 종사원,1,2>1,3,5>5>5,4>4>4,5>5>5,3,5,2,1>9>2,34>27>29,63>57>58,63>34>1,1,3,2,,8,"요즘 같은 폭염에는 야외에서 일하는 우리 같은 사람들이 일하다 쓰러질까 봐 제일 겁나고, 사는 골목이 낡고 좁아서 불이 나면 대피하기도 힘들 것 같습니다. 그리고 나이 들어서 사소한 걸려 넘어져도 크게 다칠까 봐 늘 조심스럽습니다."
08ec761df4e244a5a121f9e36bd41928,1.7742,여성,65,고졸 이하,경기,60-69,그 외 기계 조작원,2,2>4,3,5>5>5,4>4>4,5>5>5,3,5,2,1>2>9,34>27>35,56>57>63,34>27>1,1,4,1,4,,요즘 스마트폰을 이용한 보이스피싱이나 금융 사기가 기술을 악용해 너무 교묘해져서 노인들에게 큰 위협이 되는 것 같습니다. 또한 기후 변화로 인해 예측하기 힘든 돌발 호우나 폭설 같은 기상 재난도 더 정밀하게 관리해야 할 위험 요인이라고 생각합니다.
a05d49652211451396d7cd3fdad29a48,0.6606,남성,68,고졸 이하,충북,60-69,무직,2,2>3,3,5>5>5,4>4>4,5>5>5,3,4,2,2>9>1,34>27>29,56>68>57,34>2>27,1,4,1,4,,기후 변화로 인한 폭염과 한파 같은极端한 기상 변화가 노약자들에게 큰 위협이 되고 있어 이에 대한 대비가 필요하다고 생각합니다. 또한 스마트폰 등 디지털 기술에 익숙하지 않은 고령자들이 재난 알림을 제때接收하지 못해 피해를 입는 '디지털 정보 격차'도 중요한 위험 요인입니다.
5f204ed9faa34c139b58fd5f12990e6b,1.0123,남성,34,대학교 졸업,충남,30-39,자동차공학 기술자 및 연구원,3,3>4,3,5>5>5,4>4>4,4>4>4,3,5,2,1>2>13,34>35>46,63>56>57,29>34>63,1,4,1,18,,"최근 제조 현장의 스마트화와 함께 산업 제어 시스템에 대한 사이버 테러 위협이 실제적인 재난 위험요인이 될 수 있다고 생각합니다. 또한 기후 변화로 인한 이상 기후가 빈번해지면서, 기존의 예측 모델로는 잡아내기 힘든 국지적 집중호나나 돌발 홍수가 새로운 위협이 될 것 같습니다."
489897ac36904d80803bd9ae3d3509ed,1.9973,여성,27,대학교 졸업,경기,19-29,경리 사무원,2,3>2,3,4>4>5,3>3>4,4>4>4,4,4,2,1>2>9,27>34>29,56>57>58,27>34>1,1,4,1,4,,"거주하는 아파트 단지 내 배달 이륜차 사고 위험이 점점 커지고 있다고 느낍니다. 또한, 기후 변화로 인한 예측 불가능한 폭우와 폭염도 큰 위협이 될 것 같습니다."
d8d65f3c10ea4c72ba4f716d7e614d92,0.1442,여성,67,고졸 이하,세종,60-69,무직,2,2>1,3,5>5>5,4>4>4,5>5>5,3,5,2,1>9>14,27>34>29,56>57>68,27>14>34,1,5,1,12,,"요즘 같은 무더위와 장마철에 갑자기 쏟아지는 비가 걱정되어 기상 변화에 대비하는 기술이 필요합니다. 또한, 우리 같은 어르들을 대상으로 하는 보이스피싱 같은 사기 범죄도 재난처럼 무서워서 이를 막을 수 있는 기술이 있으면 좋겠습니다."
d699088436284969acbe7fe2ad064cc7,1.0558,남성,58,고졸 이하,서울,50-59,택배원,2,2>3,3,4>5>5,3>4>4,4>5>5,3,5,2,1>2>9,29>34>27,56>57>58,29>1>34,1,2,2,,7,"지구 온난화로 인한 예측 불가능한 기상 이변과, 서울 구도심의 노후화된 건축물에서 발생할 수 있는 화재나 붕괴 사고가 우려됩니다."
ee3a31907c144a349eee1d1ab73a82c3,0.2872,여성,46,대학교 졸업,세종,40-49,그 외 상점 판매원,2,2>3,3,5>5>5,4>4>4,5>5>5,3,5,2,1>2>9,34>29>27,56>57>67,34>29>27,1,4,1,3,,"요즘 날씨가 너무 이상해서 예측 불가능한 기상 이변이 걱정되고, 스마트폰을 많이 쓰는 아이들이 보이스피싱 같은 디지털 범죄에 많이 노출되는 것 같아 위험합니다."
6d4b2ec1e7fb4a8585ac5454ccc18e9e,1.7154,여성,58,고졸 이하,경기,50-59,강구조물 건립원,2,2>3,3,5>5>5,4>4>4,5>5>5,3,5,2,13>1>3,46>34>35,63>57>58,46>63>13,1,4,1,4,,"요즘 기후 변화로 인해 예전처럼 계절 날씨를 예측하기 힘들어서, 갑작스러운 폭우나 태풍으로 인한 산사태나 침수 피해가 점점 더 커질 것 같습니다. 또한 고령화로 인해 재난 발생 시 노약자들이 대피하거나 대처하는 데 어려움이 겹쳐 큰 사고로 이어질까 봐 걱정됩니다."
1fcf3d8f5d05446da83804ddb231e958,1.7154,여성,53,대학교 졸업,경기,50-59,무직,3,2>3,3,5>5>5,4>4>4,5>5>5,3,5,2,1>9>2,27>51>34,56>57>58,27>1>56,1,4,1,4,0,"고령화로 인해 디지털 기기를 사용하지 못하는 어르신들이 안전 정보를 미처 접하지 못해 발생하는 사고, 그리고 기후 변화로 인한 예측 불가능한 폭염이나 호우가 잠재적 위험 요인이라고 생각합니다."
b15efad155424378a28b9452c3ba093f,1.6703,여성,38,대학교 졸업,경기,30-39,그 외 전자공학 기술자 및 연구원,4,3>5,4,5>5>5,4>4>4,5>5>5,3,5,1,1>3>9,51>34>38,57>56>63,51>34>1,1,4,2,,10,"급변하는 AI 기술 발전으로 인한 디지털 범죄나 사이버 테러, 그리고 고령화된 산업 단지 및 주거 시설에서 발생할 수 있는 예기치 못한 사고들이 잠재적 위험요인이라고 생각합니다."
a61c82706c29448886dd11dc1873d1b8,1.8155,남성,41,고졸 이하,경기,40-49,중형 화물차 운전원,2,2>3,3,4>4>4,3>3>3,4>4>4,3,4,2,1>2>5,29>34>27,57>56>58,29>1>34,1,3,2,,8,"요즘 날씨가 이상해서 장마철이 아닌데도 갑자기 폭우가 쏟아져 도로가 침수되거나 산사태가 나는 것이 자주 발생하는데, 이런 기상 이변으로 인한 사고가 더 위험해지는 것 같습니다. 또 요즘은 인터넷과 스마트폰을 이용한 보이스피싱이나 사기가 너무 교묘해져서 정보에 약한 어르신들이 큰 피해를 입는 것도 사회적 재난이라고 생각합니다."
308665a4766b4cbc8907bf473fac9689,0.9202,여성,55,고졸 이하,강원,50-59,건물 청소원,2,2>1,3,5>5>5,4>4>4,5>5>5,3,5,2,2>1>13,34>27>35,56>57>63,34>2>27,1,3,2,,1,요즘 날씨가 너무 이상해서 갑자기 쏟아지는 집중호우나 폭염 같은 기상 변화 때문에 큰 사고가 날까 봐 늘 마음이 쓰입니다. 그리고 집에 계신 어머니 같은 어르신들이 주택 안에서 넘어지거나 다치는 생활 안전사고도 앞으로 더 많이 생길 것 같아 미리 대책이 필요하다고 생각해요.
cd2ae06033c54d599585af63a1b5804d,0.9516,남성,69,고졸 이하,부산,60-69,무직,2,2>3,3,5>5>5,4>4>4,5>5>5,3,5,1,1>2>14,34>35>27,56>57>63,1>34>27,1,4,2,,1,건물이나 시설이 낡아서 발생하는 화재나 붕괴 사고가 걱정됩니다. 그리고 요즘은 스마트폰을 이용한 보이스피싱 같은 범죄 기술이 너무 발달해서 노인들이 속쉽게 당하는 것도 큰 위험 요인입니다.
939faa964fad4aaeb6f15bb8e68e26b5,0.7524,남성,37,대학교 졸업,대전,30-39,무직,3,3>2,3,5>5>5,4>4>4,5>5>5,3,5,2,1>2>13,27>34>29,56>57>58,34>27>1,1,4,1,4,,"기후 변화로 인한 집중호우와 도심 홍수, 그리고 노후화된 아파트 단지의 가스 및 전기 설비 사고가 잠재적 위험요인이라고 생각합니다. 또한, 고령화 사회로 진입함에 따라 의약품 오남용이나 안전 취약계층을 위한 복지 시설의 안전 관리도 중요해질 것 같습니다."
f5e01b1f46d2487d81ea8227f53f76aa,1.0884,남성,55,대학교 졸업,경남,50-59,배전반 조작원,2,2>3,3,5>5>5,4>4>4,4>4>4,3,5,2,1>2>13,34>35>47,57>63>56,1>2>34,1,4,1,18,,요즘 날씨가 너무 변덕스러워서 예전엔 없던 태풍이나 집중호우가 갑자기 터질까 봐 걱정된다. 그리고 공장 기계들이나 전기 설비들이 다 노후되어 가는데 고장 나기 전에 미리 감지하는 기술이 더 필요한 것 같다.
3217fa07fa104da08504e6b58bc7d460,1.7154,여성,58,고졸 이하,경기,50-59,전화 상담원,1,2>1,3,4>5>5,3>4>4,5>5>5,3,5,2,2>1>13,27>34>29,56>57>68,27>34>2,1,4,1,15,,요즘 날씨가 너무 변덕스러워서 장마철에 갑자기 쏟아지는 비로 인한 침수 피해가 잦을 것 같습니다. 그리고 휴대폰 사용이 미숙한 우리 같은 어르신들이 재난 문자를 제때 확인하지 못해 대처하지 못할까 봐 그것도 큰 위험인 것 같습니다.
8310f01461c148b0b8c1e9b69f576894,0.6014,여성,39,대학교 졸업,전북,30-39,출판 및 자료편집 사무원,2,3>2,3,5>5>5,4>4>4,5>5>4,3,5,2,1>2>14,27>34>29,56>57>60,27>34>1,1,4,1,4,,"최근 AI 기술을 악용한 보이스피싱이나 딥페이크 같은 디지털 범죄가 갈수록 교묘해져서, 특히 노약자나 아이들이 피해를 입지 않을까 우려됩니다. 또한 기후 변화로 인한 예측 불가능한 폭염이나 집중호우가 일상생활에 큰 위협이 될 수 있다고 생각합니다."
5521d60472594375afe82182e9fd9f69,0.6590,남성,30,대학교 졸업,전남,30-39,시설 경비원,2,3>2,3,5>5>5,4>4>4,5>5>5,4,5,2,1>21>2,34>51>29,56>57>61,1>34>56,1,3,2,,4,"최근 기후 변화로 인해 태풍이나 폭우 같은 자연재난이 예전보다 훨씬 강해지는 것 같아서, 이에 대비하는 기술이 중요합니다. 또한, 우리가 매일 쓰는 스마트폰이나 금융 시스템 같은 곳에서 사이버 사고가 일어날 수도 있다는 생각이 들어서 이런 부분도 미리 관리했으면 좋겠습니다."
f6685e06388347298df867d800df5b46,0.8471,남성,66,고졸 이하,충남,60-69,무직,2,2>1,3,5>5>5,4>4>4,5>5>5,3,5,2,1>2>23,34>27>29,56>57>61,1>34>61,1,3,2,,4,요즘 날씨가 너무 변덕스러워서 태풍이나 폭우가 갑자기 덮칠 때 피하기가 힘든 것 같습니다. 그리고 우리 해안가 지역은 높은 파도나 조수 때문에 사고가 날까 늘 걱정하고 있습니다.
d0a0339e5d8f437b9ab0ddf903501729,0.7337,남성,57,고졸 이하,울산,50-59,항공기 배관공,2,2>3,4,5>5>5,4>4>4,5>5>5,3,5,1,1>2>4,34>35>36,63>57>56,34>1>35,1,4,2,,17,공단 시설이나 낡은 주택들이 노후화되면서 고장으로 인한 사고가 점점 더 큰 위험 요인이 될 것 같습니다. 또한 요즘 날씨가 예전 같지 않아서 태풍이나 폭우 같은 기상 재난도 더 심각해질지 걱정됩니다.
34ecbddecdda4401ba359c24b5259f1e,1.2465,여성,40,고졸 이하,대구,40-49,무직,2,2>4,3,5>5>5,4>4>4,5>5>5,3,5,2,9>2>3,34>27>42,56>57>64,34>27>56,1,3,2,,8,"최근 기상이변으로 인한 갑작스러운 폭우나 폭염 때문에 우리 집 같은 노후된 다세대주택이 무너지거나 침수될까 봐 항상 마음을 졸이고 있습니다. 또한, 미세먼지나 새로운 유형의 감염병이 보이지 않게 가족들의 건강을 위협하고 있어서 정부가 더욱 철저히 관리해줬으면 합니다."
1913db43daa54370a254b06b29cb94b3,0.8917,여성,58,고졸 이하,대전,50-59,한식 조리사,2,2>4,3,5>5>5,4>4>4,5>5>5,3,5,2,1>2>9,34>27>29,58>57>56,34>29>27,1,4,1,4,,요즘 날씨가 너무 덥거나 장마철에 비가 갑자기 쏟아지는 이상 기후 때문에 산행이나 일상생활에 피해가 갈까 봐 걱정됩니다. 그리고 유튜브에서 보니 새로운 바이러스나 식중독 같은 질병이 유행하지 않을까 하는 두려움도 있습니다.
ee6d3c54049d4315a650d4a757b662d6,1.3971,남성,22,고졸 이하,인천,19-29,가구 도장기 조작원,2,3>4,3,4>4>5,4>4>4,4>4>5,4,4,2,1>9>11,34>35>51,63>56>57,63>34>11,1,3,2,,10,"최근 딥페이크 기술을 이용한 보이스피싱이 많아져서 이러한 범죄가 재난으로 확대될까 봐 걱정됩니다. 또한 공장에서 기계를 다루다 보니, 자동화 시설이 고장 나거나 오작동할 때 대처할 수 있는 기술 안전장치가 부족한 것 같습니다."
287bfd44fdaf47fa99314e389da43dd7,1.0627,여성,30,대학교 졸업,서울,30-39,온라인 쇼핑 판매원,3,3>4,3,5>4>5,4>4>4,5>4>5,3,5,1,2>9>14,51>27>34,56>57>60,51>2>27,1,4,1,4,,"AI 기술을 악용한 보이스피싱이나 딥페이크와 같은 사이버 범죄가 실생활 위협으로 급증하고 있어 이에 대한 선제적 관리가 필요하다고 생각합니다. 또한, 기후 변화로 인한 예측 불가능한 국지성 호우가 도시 기능을 마비시킬 수 있는 잠재적 위험 요인이라고 봅니다."
29ec730835774a1db65be0ea219da819,1.5143,남성,68,고졸 이하,서울,60-69,그 외 기능 관련 종사원,2,2>1,3,5>4>4,4>3>3,5>4>4,3,5,2,1>2>9,34>27>35,56>63>57,34>1>27,1,4,1,3,,"건물들이 다 오래되어가니까 혹시라도 무너지거나 고장 날까 봐 걱정이고, 요즘은 여름에 너무 덥다 보니 일하시는 분들이나 혼자 사는 노인들에게 큰일 날까 봐 겁납니다."
7ccb4ff98a8a49b1a46ba30b1a8dd8b1,1.2857,남성,49,고졸 이하,경북,40-49,시설 경비원,2,2>3,3,4>5>4,4>4>3,5>5>4,3,4,2,1>2>13,34>27>29,56>57>58,34>1>27,1,4,1,4,,"최근 날씨가 너무 변덕스러워서 갑자기 쏟아지는 집중호우나 폭염 같은 게 걱정되고, 고령화로 인해 혼자 사는 어르신들이 사고 당할까 봐 항상 마음이 쓰입니다."
ff1e7397708640a8aa328819850facb1,1.7742,여성,61,고졸 이하,경기,60-69,무직,2,2>4,3,5>5>5,4>4>4,5>5>5,3,5,2,1>2>9,27>34>29,56>57>58,27>1>34,1,4,1,12,0,요즘 스마트폰을 이용한 보이스피싱이나 금융 사기 기술이 너무 교묘해져서 노인들이 속쉽게 당하는 것이 위험한 것 같습니다. 그리고 여름철에 폭염이 갈수록 심해져서 건강을 해치는 것도 큰 위험인 것 같아요.
bfd2d01273414ac4b37abbb5dee5d6a7,0.7067,여성,45,고졸 이하,강원,40-49,음료 서비스 종사원,2,2>3,3,5>4>4,3>4>3,4>4>4,3,4,2,13>2>9,34>27>29,58>56>59,13>34>27,1,3,2,,3,요즘 날씨가 너무 이상해서 여름철에 갑자기 쏟아지는 비로 인한 산사태나 계곡 범람이 언제든 터질 것 같아 위험합니다. 또 우리 동네처럼 노인들이 많이 사는 시골은 화재가 났을 때 초기 대응이 늦어질 수 있어서 그것도 항상 걱정이에요.
ae070770fcc148d1b8fe1e5de2de2e52,0.7022,여성,68,고졸 이하,전북,60-69,무직,1,2>1,3,5>5>5,4>4>4,5>5>5,3,5,2,2>1>9,27>34>35,62>56>57,34>27>2,1,4,1,15,,"날씨가 너무 덥거나 장마철에 비가 너무 많이 와서 텃밭 작물이 죽거나 건강에 해로울까 봐 걱정되고, 요즘은 스마트폰을 이용한 보이스피싱 사기가 너무 많아서 어르신들이 위험한 것 같아요."
be74f4510ea1428392dda60da3d2e37a,0.8784,남성,65,고졸 이하,대구,60-69,건물용 냉동·냉장·공조기 설치 및 정비원,2,2>3,3,5>5>5,4>4>4,4>4>4,3,5,1,9>2>1,34>35>29,56>57>63,34>9>35,1,4,1,4,,"요즘 기후 변화로 여름철 폭염이 너무 심해져서 냉방 시설이 중요한데, 갑작스러운 정전이나 노후된 전기 설비로 인한 화재가 가장 걱정됩니다. 또한 고령자가 많아지는데 응급 상황에서 신고하거나 대피하는 데 어려움을 겪을 수 있는 복합 재난도 위험하다고 생각합니다."
441384a7828444179b41d4b2b98a3ccd,1.3474,남성,30,대학교 졸업,경남,30-39,관리 비서,2,3>4,3,5>5>5,4>4>4,5>5>5,3,5,2,1>2>14,27>34>51,56>59>57,1>27>34,1,4,1,15,,"최근 기후 변화로 인해 통영 같은 해안 지역도 예전보다 훨씬 거친 태풍이나 이상 기후로 인한 피해가 발생할까 봐 걱정됩니다. 또한 업무상으로나 일상생활로나 스마트폰을 많이 사용하는데, 보이스피싱이나 딥페이크 같은 AI 기반 사이버 범죄가 기술이 발전할수록 걷잡을 수 없이 위험해지는 것 같습니다."
9c03d2a8463c41a6909118d6122a274d,0.9048,남성,40,고졸 이하,경남,40-49,건물 경비원,2,2>4,3,5>5>4,3>3>3,4>4>4,3,4,2,1>2>13,34>30>27,56>57>61,1>34>56,1,3,2,,1,지구온난화 때문에 예전보다 태풍이나 폭우가 자주 오고 강해져서 해안가 저희 집이 많이 위험해지는 것 같습니다. 그리고 무더운 날씨가 계속되면 건물 관리하다가 열사병에 걸리거나 노약들이 쓰러지는 일도 많아질 것 같아 걱정됩니다.
e9f922d3fb6f4ac3a9a08041da614f65,0.7370,남성,64,대학교 졸업,대전,60-69,전기 용접원,2,2>3,3,5>5>5,4>4>4,5>5>5,3,4,2,1>2>9,34>36>27,63>56>57,34>63>1,1,4,1,4,,급변하는 기후로 인한 예측 불가능한 태풍과 폭우가 건설 현장과 텃밭 농사에 큰 위협이 되고 있습니다. 또한 고령화 사회에서 혼자 사는 노인들을 겨냥한 보이스피싱 같은 디지털 범죄도 심각한 잠재적 위험으로 생각합니다.
d79a7ae65ce044698bb1bfa41bea4b81,1.0423,여성,56,고졸 이하,경남,50-59,바텐더,2,2>3,3,5>5>5,4>4>4,5>5>5,3,4,2,1>2>14,34>27>29,56>57>58,34>1>27,1,4,1,4,,"요즘 날씨가 너무 이상해서 예측 불가능한 태풍이나 홍수 같은 자연재난이 더 커질까 봐 걱정돼요. 그리고 아파트 같은 밀집된 곳에서 화재가 났을 때, 고령자들이나 당뇨 같은 지병이 있는 사람들이 빠르게 대피할 수 있는 기술이 부족한 것 같아 위험하게 느껴집니다."
59e2aae48fa3414f8a81bd5b8b22e6ef,0.9968,남성,67,고졸 이하,경남,60-69,하역 및 적재 관련 단순 종사원,1,2>1,3,5>5>5,4>4>4,4>4>4,3,5,2,1>2>9,34>27>29,63>57>56,63>34>1,1,4,1,4,,"날씨가 갈수록 이상해져서 폭우나 폭설이 내리면 일하는 현장이 위험해질 것 같고, 또 모르는 전염병이 다시 돌아서 사람들이 다치는 게 걱정됩니다."
f628208a4a4b4dfaa5bb8ddd87b272c0,0.5118,남성,53,고졸 이하,충북,50-59,시설 경비원,1,2>3,3,5>5>5,3>3>3,4>4>4,3,4,2,2>13>9,34>27>29,68>56>57,34>2>27,1,4,1,4,0,최근 기후 변화로 인해 태풍이나 집중호우 같은 자연재난이 예전보다 훨씬 잦고 강해져서 걱정입니다. 또한 고령화가 빠르게 진행되면서 혼자 사는 어르신들이 집에서 발생하는 화재나 각종 사고에 대처하지 못할 위험이 크다고 생각합니다.
f6fb8105e6724f75a275cee60026a7a6,0.7810,여성,44,대학교 졸업,충북,40-49,무직,2,4>2,3,5>5>5,4>4>4,5>5>5,3,5,2,1>9>2,27>34>42,56>57>61,27>1>34,1,4,1,4,,"최근 기후 변화로 인한 이상 기후가 심해져서, 갑작스러운 폭우나 극한의 더위가 내 베란다 텃밭 작물을 망치고 농산물 가격을 불안정하게 만드는 잠재적 위험요인이라고 생각합니다. 또한, 환기가 잘 안 되는 아파트 생활 특성상 미세먼지와 실내 공기 질 문제도 가족 건강을 위협하는 지속적인 재난 위험요인으로 느껴집니다."
91b4a44f61dc4b1aa082661e894becc3,1.9973,여성,29,고졸 이하,경기,19-29,무직,1,4>3,3,5>5>5,4>4>3,5>5>5,2,4,2,1>2>9,27>29>42,56>57>58,27>1>29,1,3,2,0,7,"급격한 기후 변화로 인한 이상 기후나, 요즘 많이 이야기하는 AI 기술을 악용한 딥페이크 범죄 같은 것들이 새로운 위험 요인이 될 것 같습니다."
9d8430156c3b4da18dd3f2b849d5173c,0.7337,남성,52,고졸 이하,울산,50-59,선반기 조작원,2,2>4,4,5>5>5,4>4>4,5>5>5,3,5,2,1>2>9,38>34>36,63>57>56,38>1>63,1,3,2,,17,"산업단지 내 노후화된 기계 설비로 인한 대형 사고와, 최근 많이 들리는 사이버 테러 같은 보안 문제가 미리 관리되어야 할 위험 요인인 것 같습니다."
3c5af92f96954ee697c3ccf569ae1556,1.9973,여성,25,대학교 졸업,경기,19-29,"전직 경리 사무원, 현재 구직중",2,3>2,3,5>5>5,4>4>4,5>5>5,3,4,2,9>1>2,27>34>29,56>57>68,27>34>9,1,4,1,4,,"최근 AI 기술이 발전하면서 보이스피싱이나 딥페이크 같은 사이버 범죄가 점점 더 교묘해지고 있어서, 이것이 일반인들에게 큰 위협이 될 것 같아요. 또한 기후 변화로 인해 여름철 폭염이나 장마 때 집중호우가 예전보다 심해지는 것 같아서 이런 기상 이변도 걱정됩니다."
fe4f681ac3124cc9aca8418d9099b41a,1.0887,남성,32,대학교 졸업,인천,30-39,범용 소프트웨어 프로그래머,2,3>4,3,5>5>4,4>4>3,4>5>4,3,5,2,1>9>2,51>50>29,56>57>58,1>51>29,1,4,2,,7,"급격한 기후 변화로 인한 예측 불가능한 기상 이변과, 최 developments 인공지능 기술을 악용한 고도화된 사이버 범죄나 딥페이크 같은 신종 범죄가 가장 잠재적인 위험요인이라고 생각합니다."
f016ef933a5c4db3b929fc471d592f49,0.1912,남성,34,대학교 졸업,제주,30-39,교육 및 훈련 사무원,2,3>4,3,5>5>5,4>4>3,4>5>4,3,4,2,1>2>4,27>34>33,59>62>58,1>27>59,2,3,2,,1,"기후 변화로 인한 예측 불가능한 집중호우와 돌발 태풍이 농가에 막대한 피해를 주고 있어, 이에 맞는 기술적 대비가 시급합니다. 또한 제주 방문객 증가에 따른 해양 레저 사고나 도심 교통사고 등 관광 특화 지역의 안전 위협 요인도 점차 커지고 있습니다."
7f7fdfd2452047819308c0a1b4f93c8f,0.3567,남성,67,대학교 졸업,제주,60-69,무직,2,2>3,3,4>5>4,3>4>3,4>5>4,3,4,2,1>2>4,34>27>41,56>57>59,1>34>27,1,4,1,7,0,지구 온난화로 인해 제주도의 계절적 태풍이나 산사태 패턴이 달라져 예측하기 힘든 자연재난이 발생할 가능성이 큽니다. 또한 고령화로 인해 재난 발생 시 혼자 대피하기 어려운 독거 어르신들이 늘어나는 것도 새로운 잠재적 위험 요인이라고 생각합니다.
a84806697fb44641a1ba10582924c960,1.3371,여성,23,대학교 졸업,부산,19-29,관세행정 사무원,2,3>4,3,4>4>4,4>4>4,4>4>5,4,5,2,1>13>23,51>50>27,56>57>58,51>1>50,1,3,2,,4,"기후 변화로 인해 과거보다 강력해진 태풍과 이상 고파 등 해양 재난이 우려되며, 디지털 기술의 발달에 따른 금융 전산망 해킹이나 AI를 이용한 보이스피싱 같은 사이버 위협도 커지고 있습니다."
92030733936045ada02b2d97998436d3,1.2857,남성,40,대학교 졸업,경북,40-49,중형 화물차 운전원,2,2>3,3,5>5>5,4>4>4,5>5>5,3,5,2,2>13>1,29>27>34,63>57>58,2>13>29,1,4,1,7,0,요즘 기후 변화로 인해 여름철에 집중호우가 예고 없이 쏟아져 산길이 무너지거나 도로가 침수되는 일이 잦아져서 운전할 때마다 위험하다고 느낍니다. 또한 갑자기 찾아오는 한파나 폭설 같은 이상 기후로 인해 고속도로에서 미끄러짐 사고가 나지 않을까 항상 걱정하고 있습니다.
8ee8ea7d61904b9ab6ce80611cd504e4,0.2864,남성,19,고졸 이하,제주,19-29,무직,1,4>3,3,4>4>4,3>3>3,4>4>4,3,4,2,1>2>13,29>51>34,59>56>58,1>29>59,1,4,1,15,,"기후 변화 때문에 제주도에도 예전 없던 강한 태풍이나 폭우가 자주 오는 것 같아서, 이걸 미리 알 수 있는 기술이 더 필요하다고 느껴요. 그리고 요즘 친구들이나 저도 많이 쓰는 전동 킥보드 같은 개인형 이동장치 때문에 도로에서 사고가 많이 나는 것 같아서 이 부분도 관리가 필요한 것 같습니다."
b86d3997f0f44d3b84ceb4d5f2b6ce98,1.5626,남성,26,대학교 졸업,서울,19-29,광고 및 홍보 사무원,3,4>3,3,4>5>5,3>4>4,5>5>5,3,5,2,14>2>9,51>50>34,56>57>60,51>2>34,1,3,2,,1,"AI 기술의 발달로 인한 딥페이크 보이스피싱이나 가짜 뉴스 확산으로 인한 사회적 혼란이 미래의 주요 위험 요인이 될 것입니다. 또한, 도시 기반 시설의 노후화와 기후변화로 인한 집중호우가 결합하여 발생하는 도심 침수 사고도 선제적으로 관리되어야 합니다."
1376b03e8ec84619af84389db8672586,0.7318,남성,43,대학교 졸업,강원,40-49,경영 컨설턴트,3,3>2,3,5>5>5,4>4>4,5>5>5,2,4,2,1>13>20,51>33>29,63>56>57,1>51>63,1,3,2,,1,"지방 소멸과 고령화로 인해 지역 사회의 자체 방재 역량이 점차 약화되고 있는 점이 우려됩니다. 또한, 중소기업의 급격한 디지털 전환 과정에서 구축된 시스템의 보안 취약점이나 노후 설비와의 호환성 문제로 인한 새로운 형태의 산업 사고 위험도 잠재적으로 존재한다고 생각합니다."
5e924b166d1d4bceb048b52b1e1b1f67,1.6820,여성,65,고졸 이하,서울,60-69,무직,2,2>1,3,5>5>5,4>4>4,5>5>5,3,4,2,13>2>9,27>34>29,56>57>68,13>34>27,1,4,2,,3,최근 기상이변으로 장마철에 비가 갑자기 많이 쏟아져서 언덕길이 많은 우리 동네 산사태 위험이 가장 걱정됩니다. 또한 고령화 시대에 맞춰 집안에 계신 어르신들이나 저 같은 어르신들이 겪을 수 있는 화재나 넘어짐 같은 생활 안전사고도 더 많이 신경 써야 한다고 생각합니다.
16ef0d776cd64b469e67188e69f5f00a,1.6426,남성,42,대학교 졸업,서울,40-49,수질 환경 기술자 및 연구원,4,3>2,3,5>5>5,4>4>4,5>5>5,3,4,2,2>13>9,43>42>34,56>57>58,43>2>42,1,4,1,4,,"서울 내 노후화된 다세대주택 밀집 지역(서대문구 등)의 지하 공간 및 빗물 펌프장 노후화로 인한 집중호우 시 침수 위험, 그리고 현재 수질 기준에는 없으나 생태계와 인체에 잠재적 위협이 될 수 있는 신종 유해화학물질 및 미세 플라스틱 오염이 심각한 잠재적 위험요인이라고 생각합니다."
4c6b682bb716439196f640264f6e42a3,1.0558,남성,52,대학교 졸업,서울,50-59,원예작물 판매원,2,2>3,3,5>5>5,4>4>4,5>5>5,3,5,2,1>2>9,27>34>42,56>57>58,27>34>1,1,4,1,4,,"최근 인공지능을 이용한 딥페이크나 보이스피싱 같은 범죄 기술이 나날이 교묘해져서, 이것이 사회적 혼란을 일으키는 새로운 유형의 재난이 될 수 있다고 생각합니다. 또한 기후변화로 인한 도시 열섬현상도 여름철 고령자나 야외 근로자에게 치명적인 잠재적 위험요인이라고 봅니다."
d8a2b1be866843ed87d6a1fb3f1cd444,1.1101,남성,34,대학교 졸업,대구,30-39,마케팅 전문가,2,3>2,3,5>5>5,4>4>4,5>5>5,2,4,1,1>2>9,34>27>51,56>57>58,34>27>29,1,4,1,4,,"최근 AI 기술의 발전으로 인한 딥페이크나 보이스피싱 같은 디지털 범죄가 실제 삶에 큰 위협이 되고 있어 이를 새로운 재난 유형으로 관리해야 한다고 봅니다. 또한, 기후 변화로 인한 예측 불가능한 기상 이변으로 인한 도시 침수나 지반 약화 사고도 선제적으로 점검해야 할 위험 요인입니다."
c28c5acc87f44a8bbe9b018b12184b4a,0.5505,남성,34,대학교 졸업,울산,30-39,자동 조립라인 조작원,2,3>2,3,5>5>5,4>4>4,5>5>5,3,5,2,1>2>9,34>38>35,63>56>57,63>34>1,1,3,2,,9,"요즘 공장 기계들이 다 자동화되다 보니, 갑자기 멈추거나 오작동할 때 대처하는 게 쉽지 않을 것 같습니다. 그리고 노후된 배관이나 설비에서 문제가 생겨 큰 사고로 이어지지 않을까 하는 것이 가장 걱정됩니다."
44b0d24c581248debf33051522ed6848,0.4893,여성,26,대학교 졸업,대구,19-29,무직,2,4>3,3,5>5>5,4>4>4,5>5>5,3,5,3,1>9>14,27>34>29,57>56>60,27>1>34,1,3,2,,8,"기후변화로 인해 예측 불가능한 폭염이나 집중호우가 일상생활을 위협하는 잠재적 위험요인이라고 생각합니다. 또한 거주하는 대구 중구의 오래된 주택지역에서 노후화된 시설물로 인한 화재나 안전사고가 발생할 가능성에 대해 우려하며, 이에 대한 선제적인 관리가 필요하다고 느낍니다."
3d9645ca777b40d0b69703f9049396e2,1.7593,여성,25,대학교 졸업,서울,19-29,보육교사,2,4>3,3,5>5>4,4>4>3,5>5>4,3,4,2,2>1>9,27>34>29,57>56>60,2>27>34,1,3,2,,1,요즘 길거리에 전동 킥보드가 너무 많아서 사고 위험이 크다고 느껴요. 그리고 AI 보이스피싱 같은 기술을 악용한 범죄도 점점 더 정교해져서 일반인이 방어하기 힘든 위험 요인인 것 같아요.
d37babdb6dac48d7b8c1e214d7e0d259,0.6444,남성,46,대학교 졸업,울산,40-49,머시닝센터 조작원,2,3>2,3,5>5>5,4>4>4,5>5>5,4,5,2,1>2>9,38>34>35,63>56>57,38>63>1,1,4,2,,9,"고령화로 인한 돌거나 치매 등 안전 취약계층의 사고 위험이 커지는 것 같고, 공장 자동화가 많이 되다 보니 기계 오작동이나 새로운 유형의 산업 사고도 걱정됩니다."
6969e509ad74457b943c028056b9503f,1.9973,여성,23,고졸 이하,경기,19-29,무직,2,4>3,3,5>5>4,3>3>3,4>4>4,3,4,2,1>9>2,34>29>51,56>57>58,34>1>56,1,3,2,,10,"요즘 기상이변으로 인한 폭염이나 집중호우가 잦아지는데, 이런 날씨 변화가 더 심해질 것 같아요. 그리고 스마트폰을 많이 쓰는데 AI를 이용한 보이스피싱이나 딥페이크 같은 사회적 위험도 점점 커질 것 같습니다."
27f54a12783544dca3d5de21fde26b0b,0.4393,남성,50,대학교 졸업,광주,50-59,산업기계공학 기술자 및 연구원,3,2>3,4,5>5>4,4>4>4,5>4>4,3,5,2,13>2>1,34>35>29,63>56>57,34>13>63,1,4,1,4,,최근 기후 변화로 인한 국지성 집중호우가 잦아지면서 무등산 인근 급경사지의 붕괴 위험이 예전보다 커진 것 같아 우려됩니다. 또한 고령화된 주거 지역과 산업 시설에서 발생할 수 있는 가스 폭발이나 화재 사고를 IoT 센서 등으로 미리 감지하는 기술이 중요한 미래 위험 요인 관리 대상이 될 것입니다.
82355cbd225a46bab75f1be0432e515e,0.6041,여성,19,고졸 이하,충북,19-29,한식 조리사,1,4>3,3,5>5>5,4>4>4,5>5>5,3,5,2,2>1>9,34>27>29,57>64>56,34>2>27,1,4,1,4,0,"요즘 스마트폰을 이용한 보이스피싱 같은 범죄가 기술이 발달할수록 더 교묘해져서 위험한 것 같고, 기후 변화로 예측하기 힘든 폭우나 폭염 같은 기상 이상도 걱정됩니다."
e3559d264b57413cab52854a1bbfcfa7,1.7154,여성,56,고졸 이하,경기,50-59,무직,2,2>3,3,5>5>4,4>4>3,5>5>4,3,5,2,1>2>13,27>34>42,56>57>68,27>1>34,1,4,2,,1,요즘 스마트폰을 많이 사용하다 보니 AI 기술을 이용한 보이스피싱이나 딥페이크 같은 범죄가 점점 교묘해지고 있습니다. 가족들이나 이웃 어르신들이 금융 사고를 당하지 않도록 정부에서 이런 신종 범죄를 재난으로 인식하고 철저히 관리해 주었으면 좋겠습니다.
4f066ea32a69490cad992d42e20a33a7,0.5240,남성,48,대학교 졸업,광주,40-49,사무 보조원,2,3>2,3,4>4>5,3>3>4,4>4>4,3,4,2,1>2>9,27>34>29,56>57>58,27>1>2,1,4,2,,1,"1인 가구가 늘어나는 추세에서, 혼자 발생하는 안전사고가 발견되지 않거나 대처가 늦어지는 '고립 위험'이 큽니다. 또한 기후 변화로 인한 예측 불가능한 기상 이변이 일상생활을 위협하는 수준으로 커지고 있다고 느낍니다."
248dd46ed90e4ac0a3632ae77b2970d8,0.9544,남성,57,고졸 이하,부산,50-59,광석 및 석재 가공장치 조작원,2,2>3,3,5>5>4,4>4>3,5>5>4,3,4,1,1>2>22,34>35>36,63>57>56,1>34>63,1,3,2,,1,요즘 날씨가 예전 같지 않아서 갑자기 쏟아지는 비나 폭우로 인한 시설물 붕괴가 제일 겁납니다. 그리고 해운대처럼 사람이 너무 많이 모이는 곳에서 큰 사고가 나면 대처하기 힘들 것 같습니다.
e3d335e0bb154ff79c1274aa429fde51,0.9608,여성,66,고졸 이하,충북,60-69,무직,2,2>1,3,5>5>5,4>4>4,5>5>5,3,5,2,1>13>2,27>34>35,62>57>58,27>1>34,1,4,1,15,,요즘 날씨가 너무 이상해서 장마철에 집이 물에 잠기거나 산사태 날까 봐 무섭습니다. 그리고 요즘은 인터넷으로 돈 빼가는 보이스피싱 사기도 노인들한테 너무 흔해서 이것도 큰 재난이라고 생각합니다.
958f050f2cae4944824c458d1248d8b5,0.9942,여성,69,고졸 이하,경남,60-69,건물 청소원,2,2>1,3,5>5>4,4>4>3,5>5>4,2,4,1,1>2>13,34>27>29,56>57>58,34>1>27,1,4,1,4,,미세먼지 같은 환경 오염이 점점 심해져서 호흡기 건강이 많이 걱정됩니다. 또 최근에는 태풍이나 폭우 같은 자연재난도 예전처럼 예측하기 어려워져서 무섭습니다.
cd5d811ee96244029fcbe4866211913a,1.0627,여성,34,대학교 졸업,서울,30-39,그 외 상점 판매원,2,4>3,3,5>5>5,4>4>4,5>5>5,3,4,2,2>1>9,27>34>51,56>57>67,27>34>51,1,3,2,,8,최근 AI 기술을 악용한 보이스피싱이나 딥페이크 범죄가 기승을 부려 일반인들이 속쉽게 피해를 입을 수 있어 위험합니다. 또한 갑작스러운 기후 변화로 인한 도심 침수나 폭염 등도 큰 위협이 되고 있습니다.
26c01e9682754752a6c7787112c42f1d,0.9171,여성,35,대학교 졸업,부산,30-39,유치원 교사,2,4>3,3,5>5>5,4>4>4,5>5>5,3,5,2,1>2>13,27>34>29,56>57>68,27>34>1,1,4,1,15,,"최근 기후 변화로 인한 폭염이나 집중호우가 잦아지면서 어린아이들이나 취약계층이 겪는 건강 피해가 우려되므로 이를 재난 차원에서 관리해야 한다고 생각합니다. 또한, 스마트기기 사용이 보편화됨에 따라 아이들이 노출될 수 있는 사이버 범죄나 디지털 성폭력 같은 신종 위험요인도 사전에 지정하고 관리할 필요가 있어 보입니다."
1763c14d7065417ab567c739227e46fc,0.7238,남성,28,대학교 졸업,광주,19-29,건물 경비원,2,3>4,3,5>5>5,4>4>4,5>5>5,3,4,2,1>2>13,34>35>27,56>57>58,34>2>56,1,4,1,3,0,기후 변화로 인해 예측하기 힘든 국지성 호우가 자주 발생하여 도시 침수 피해가 우려됩니다. 또한 아파트와 같은 건물들이 노후화되면서 승강기 고장이나 전기 화재 같은 시설물 사고 위험이 점점 커지는 것 같습니다.
2df35fdd9a1a478db5ee965d984591b0,1.0884,남성,52,고졸 이하,경남,50-59,그 외 상점 판매원,2,2>1,3,5>5>4,3>3>3,5>5>4,3,4,2,1>2>3,34>27>29,57>62>61,1>34>27,1,3,2,,1,요즘 날씨가 예전 같지 않아서 태풍이나 폭우가 올 때 농사와 상점 피해가 걱정됩니다. 그리고 집에 계신 노부님이나 혼자 사는 어르신들이 화재나 각종 사고에 취약한 것도 큰 위험 요인이라고 생각합니다.
0d86b6f2684745518fe31bcc3dbc91a0,1.7154,여성,59,고졸 이하,경기,50-59,무직,2,2>4,3,5>5>5,3>3>3,5>5>5,3,5,2,1>2>9,34>27>29,56>64>58,34>1>27,1,4,1,4,,"우리 동네는 공단이 있어서 미세먼지나 환경 오염 때문에 호흡기 건강이 상할까 봐 제일 걱정돼요. 그리고 요즘은 혼자 사는 어르신들도 많은데, 집 안에서 넘어지거나 화재 같은 사고가 나면 큰일 날 것 같아서 그것도 위험해 보여요."
872f11c82d69426cbf2f7305ece32dca,1.6820,여성,63,고졸 이하,서울,60-69,마케팅 전문가,2,2>3,3,5>5>5,4>4>4,5>5>5,3,5,2,1>2>9,27>29>34,56>59>60,27>29>2,1,3,2,,12,"요즘은 스마트폰을 이용한 보이스피싱이나 AI 기술을 악용한 사기가 워낙 교묘해져서, 우리 같은 어르신들이 속수무책으로 당하는 게 큰 위험 요인인 것 같습니다. 또한, 최근 기상이변으로 인한 집중호우가 예측하기 힘들게 들이닥쳐서, 노후된 지하 상가나 주거지에 대한 대책도 시급하다고 생각합니다."
dc198faffa0540bb848e1e332dff981c,1.7742,여성,61,고졸 이하,경기,60-69,무직,1,2>1,3,5>5>5,4>4>4,5>5>5,2,4,2,1>9>2,34>27>29,56>64>58,34>1>27,1,4,1,4,,요즘 스마트폰을 이용한 보이스피싱 같은 사이버 범죄가 기술 발전에 비해 너무 교묘해져서 노인들이 걸러내기 어렵습니다. 그리고 갑작스러운 폭우나 폭염처럼 기후 변화로 인한 이상 기후가 일상생활에 큰 위협이 되고 있습니다.
95757ad41ad7436e8809126b80357379,0.9968,남성,62,고졸 이하,경남,60-69,단조원,2,2>4,3,5>5>5,4>4>4,5>5>5,4,5,2,1>2>13,34>35>27,63>57>56,1>34>63,1,3,1,18,,"요즘 날씨가 예전 같지 않아서 갑자기 쏟아지는 장마나 태풍이 더 무서워지는 것 같습니다. 또 공장 기계들이 낡아가면서 사고가 날까 봐 걱정되고, 집에 혼자 계신 노인 분들이 재난이 나면 대처를 못 하실까 봐 그것도 위험합니다."
540f6091de2b44048db616d6d406b0c3,1.1815,남성,33,대학교 졸업,서울,30-39,온라인 쇼핑 판매원,2,3>4,3,5>5>5,4>4>4,5>5>5,4,5,2,1>2>13,27>51>34,56>57>60,27>1>34,1,3,2,,2,"AI 기술 발달로 인한 딥페이크 범죄나 가짜 뉴스 확산이 사회적 혼란을 일으키는 새로운 재난 위험요인이 될 것입니다. 또한, 스마트 시설이 늘어나면서 해킹으로 인한 도시 기반시설 마비 가능성도 우려됩니다."
9cd5f60b1fdd445c9640c369a9ef28e4,0.5294,여성,24,고졸 이하,강원,19-29,무직,2,4>3,3,5>5>5,4>4>4,5>5>5,3,5,2,1>2>3,34>27>29,56>61>57,1>34>27,1,3,2,0,1,기후 변화로 인해 예측하기 힘든 국지성 호우가 자주 발생해서 도시 침수 피해가 점점 더 심각해질 것 같습니다. 또한 아파트 생활을 하다 보니 화재나 가스 사고 같은 일상적인 안전사고도 항상 조심해야 하는 잠재적 위험으로 느껴집니다.
cf49b7aad2ec4bafb9b4761fc8191e78,0.9942,여성,66,고졸 이하,경남,60-69,무직,2,4>2,3,5>5>5,4>4>4,5>5>5,3,4,2,1>2>9,27>34>39,56>68>57,1>27>34,1,3,1,3,,"요즘 날씨가 너무 덥고 갑작스러운 폭우가 잦아서 고령자들이 건강을 잃거나 다치는 일이 많은데, 이런 기후 변화로 인한 건강 피해도 재난으로 더 관리해줬으면 좋겠어요. 그리고 요즘 스마트폰을 이용한 보이스피싱 사기가 기술을 악용해 정교해지고 있어서 이것도 사회적 위험요인이라 생각합니다."
41414940c6a64546893f29ac1e395e19,0.5902,여성,48,대학교 졸업,경북,40-49,전기 감리 기술자 및 연구원,3,3>2,4,5>5>5,5>5>4,5>5>5,3,5,2,1>2>13,34>35>27,57>56>63,34>57>1,1,4,1,4,0,"급증하는 전기 수요와 노후화된 아파트 전기 설비로 인한 화재 위험이 점점 커지고 있습니다. 또한, 현장 숙련 기술인력 부족으로 인해 사소한 실수가 대형 사고로 이어질 가능성이 높아지는 점도 우려됩니다."
50de164bdd8f448691e3d962b25f9c4d,0.8915,남성,47,고졸 이하,인천,40-49,그 외 기계 조작원,2,4>2,3,5>5>5,4>4>4,5>5>5,3,4,1,1>2>9,34>35>29,63>56>57,34>1>63,1,2,2,,10,요즘 여름이 너무 더워져서 공장 일을 하거나 이동할 때 열사병에 걸릴까 봐 무섭습니다. 그리고 인천은 미세먼지도 심한데 건강에 안 좋은 영향을 주니까 이런 것도 재난으로 좀 더 신경 써줬으면 좋겠습니다.
3c081b1096534a8f89549fc8471aba19,1.7323,남성,55,고졸 이하,경기,50-59,"전직 경리 사무원, 현재 구직중",2,2>3,3,5>5>4,4>3>3,4>4>4,2,4,1,1>2>9,34>29>27,56>57>63,34>1>27,1,4,1,4,0,요즘 미세먼지나 기후 변화로 인한 폭염이 해마다 심해지는 것 같아 가족 건강이 걱정됩니다. 또한 아파트가 노후화되면서 화재나 가스 사고 같은 생활 속 사고에 대한 위협도 커지는 느낌입니다.
a2d99723f8044641a9d6be23b5b57b2e,0.8057,남성,56,고졸 이하,전남,50-59,무직,2,2>3,3,4>4>4,3>3>3,4>4>4,3,4,2,1>2>13,27>33>29,58>62>68,13>1>27,1,3,2,,1,"요즘 날씨가 너무 변덕스러워서 여름철에 갑자기 쏟아지는 비 때문에 산사태가 날까 봐 늘 걱정입니다. 그리고 우리 동네는 노인 분들이 많으신데, 큰 재난이 나면 혼자 대피하기 힘드신 분들이 많아서 이 부분이 가장 걱정됩니다."
c1eaa66b0d2a4bc59bad54f12baa03f9,1.3916,남성,20,대학교 졸업,부산,19-29,경리 사무원,2,4>3,3,5>5>5,4>4>4,5>5>5,3,4,1,1>2>21,34>29>27,63>56>57,1>34>63,1,4,2,,4,"최근 AI 기술이 발달하면서 딥페이크나 보이스피싱 같은 사이버 범죄가 갈수록 교묘해져서 일반인이 당하기 쉬워 위험한 것 같습니다. 그리고 거주하는 지역의 건물들이나 인프라가 노후화되고 있어서, 예상치 못한 가스 사고나 화재가 발생하지 않을까 항상 걱정이 됩니다."
dd9dd6d4f0b8488388edc62134ee11dd,0.7730,남성,30,대학원 졸업,충북,30-39,생산관리 사무원,3,3>2,3,5>5>5,4>4>4,5>5>5,3,5,2,1>2>9,34>35>27,63>56>57,34>1>27,1,4,1,4,,"최근 기후 변화로 인한 국지성 호우가 빈번해져 도심 침수 피해가 우려되며, 특히 아파트 밀집 지역에서의 화재 사고에 대한 경각심이 높습니다. 또한 스마트 시설이 늘어나면서 사이버 공격 등 정보 통신 기반 시설의 사고도 잠재적 위험으로 생각합니다."
7f1e5e1553f544098fb5724e3248be68,1.8362,남성,37,고졸 이하,경기,30-39,그 외 법률 관련 사무원,2,3>2,3,5>5>5,4>4>4,5>5>5,3,5,1,2>1>9,29>51>34,56>57>60,2>29>34,1,3,2,,1,"최근 기술이 발달하면서 딥페이크나 AI 보이스피싱 같은 범죄가 기존보다 훨씬 교묘해져서 피해가 급증할 위험이 큽니다. 또한, 기후 변화로 인해 예측하기 힘든 국지성 집중호우가 발생하여 도심 하수관거가 감당하지 못하고 침수되는 일이 반복될 것 같습니다."
5d627a02f1dc41b8b6260232b51b013b,1.0558,남성,51,고졸 이하,서울,50-59,사무 보조원,2,2>4,3,4>5>4,3>4>3,4>5>4,3,5,2,1>2>14,34>27>29,56>57>60,34>1>27,1,3,2,,8,아파트가 노후화되면서 가스관 노후나 건물 구조 문제로 대형 사고가 날까 봐 걱정됩니다. 또한 모든 게 전산화되다 보니 해킹이나 시스템 오류로 인한 정전 사고 같은 것들도 새로운 위협인 것 같습니다.
5103a403c47e492bb71ab3cbb3d03c55,1.1815,남성,34,대학교 졸업,서울,30-39,그 외 기획 및 마케팅 사무원,2,4>3,3,4>4>4,3>3>3,4>4>4,3,4,2,2>9>1,54>34>27,56>57>58,54>2>34,1,3,2,,15,"기후 변화로 인한 예측 불가능한 국지성 호우가 도심의老旧 건물이나 지하 공간을 침수하는 사고, 그리고 성수동과 같은 상업 지역의 인구 밀집도 증가로 인한 대규모 인파 사고가 잠재적 위험요인이라고 생각합니다."
9527423960d34a8b8cbf608887e2eabf,1.7663,남성,69,고졸 이하,경기,60-69,무직,1,2>3,3,5>5>5,4>4>4,5>5>5,3,4,2,1>2>14,34>27>29,56>57>58,34>1>2,1,3,2,,8,"날씨가 예전 같지 않아서 갑자기 쏟아지는 비가 걱정되고, 우리 동네처럼 오래된 주택가는 화재가 나면 대처가 힘들어서 위험합니다."
4ed841e122f44a979d4f3b95e8e2f396,0.6112,여성,32,대학교 졸업,광주,30-39,화학 연구원,4,3>2,3,5>5>5,4>4>4,5>5>4,3,4,2,9>2>13,38>35>34,63>56>58,38>9>2,1,4,1,15,0,친환경 소재 대체 과정에서 발생할 수 있는 미세 플라스틱이나 새로운 화학 물질의 유출 위험을 정부가 선제적으로 조사하고 관리해야 한다고 생각합니다. 또한 기후 변화로 인한 도시 열섬 현상이 계속 심화되어 고령자나 취약계층의 건강에 미치는 영향이 커지므로 이를 재난 차원에서 관리해야 합니다.
3643231523e54612b861521e45586a8f,1.1544,여성,68,고졸 이하,인천,60-69,무직,2,4>2,3,5>5>5,4>4>4,5>5>5,3,5,2,1>2>9,27>34>29,56>57>58,27>1>34,1,4,1,1,,"요즘 기상이변으로 갑자기 쏟아지는 비 때문에 지하 숙박업소나 반지하가 침수되는 뉴스를 보면 너무 무섭고, 스마트폰을 쓰는 노인들이 많은데 보이스피싱 같은 사이버 범죄가 기술로 인해 더 교묘해지니 이것도 재난처럼 관리가 필요하다고 봅니다."
3bee185455074a9daa9024360965a05b,1.1175,여성,41,대학교 졸업,부산,40-49,상담 전문가,2,3>2,3,4>5>5,3>4>4,4>5>5,3,4,2,1>2>9,34>27>42,56>68>59,1>34>27,1,3,2,,3,"급경사지와 노후 주택이 밀집한 우리 동네 특성상, 장마철 '축대 붕괴 및 침수' 같은 시설물 사고가 항상 마음에 걸립니다. 또한 지역 내 독거 어르신들이 많아 '재난 상황 발생 시 정보 전달의 사각지대와 고령층의 사회적 고립'을 새로운 잠재적 위험요인으로 지정해서 관리가 필요하다고 봅니다."
7f49ebe509e84d46b80f5b221c616a9f,0.5294,여성,24,대학교 졸업,강원,19-29,무직,2,4>3,3,5>5>5,4>4>4,5>5>5,3,4,2,2>13>9,27>34>51,56>57>58,27>2>34,1,4,1,4,0,"최근 기후 변화로 인한 돌발적인 국지성 호우나 폭염 같은 기상 이변이, 특히 거주하시는 어르신들이나 취약계층에게 큰 위협이 될 수 있다고 생각합니다. 또한 디지털 기술이 발달하면서 AI를 이용한 딥페이크나 보이스피싱 같은 사이버 범죄도 청년층에게 심각한 잠재적 위험요인이 되고 있는 것 같습니다."
43d2e0818cb1448382c25999e6fa7bfb,1.9614,여성,45,고졸 이하,경기,40-49,그 외 자동차 운전원,2,2>3,3,5>5>5,4>4>4,5>5>5,3,5,2,2>3>9,29>34>27,56>57>60,29>34>2,1,3,2,,7,도로 위를 운전하다 보니 싱크홀이나 지반 침하로 인한 갑작스러운 사고 위험이 크게 느껴집니다. 또한 기후 변화로 인해 예측하기 힘든 태풍이나 홍수가 자주 발생하여 이에 대한 대비도 시급하다고 생각합니다.
7d9d450f026f4af289731b0de46afd39,1.8155,남성,40,고졸 이하,경기,40-49,보험 설계사,2,3>2,3,5>5>5,4>4>4,5>5>5,3,5,2,1>2>9,27>34>29,56>57>60,27>29>34,1,4,1,4,,"요즘 금융 범죄, 특히 보이스피싱이나 사이버 보안 사고가 일반 가정의 경제를 한순간에 무너뜨려 사실상 재난과 다름없습니다. 그리고 갑작스러운 기상 이변으로 인한 집중호우나 도심 홍수 같은 것들도 예측이 어려워서 더 위험하게 느껴집니다."
8cd0640f1f60454c81a485daab2e2210,1.0558,남성,52,고졸 이하,서울,50-59,수금원,1,2>3,3,5>5>4,4>4>3,4>4>4,3,4,2,1>2>5,34>29>27,56>57>58,34>1>29,1,3,1,1,,"요즘 기상이변으로 예측하지 못한 폭우가 내리는데, 오래된 골목길이나 다세대주택 지하가 침수되어 큰 피해를 볼까 봐 걱정됩니다. 또한 고령화가 심각한데, 재난이 발생했을 때 혼자 사는 어르신들이 신속하게 대피하지 못해 고립되는 상황도 정부가 미리 챙겨야 할 잠재적 위험이라고 봅니다."
e2802390cb6a4c918c4d5c230bc406cc,0.5240,남성,49,대학교 졸업,광주,40-49,법무 사무원,2,3>4,3,5>5>5,4>4>4,5>5>5,3,4,2,1>2>9,34>29>51,56>57>60,34>1>29,1,4,1,4,,"노후화된 아파트 단지에서의 화재나 가스 누출 같은 시설물 사고, 그리고 고령화 사회에 맞물린 보이스피싱 등 사이버 범죄가 심각한 위협이 될 것 같습니다."
43a3f84e5a57464288fb944cd0f9d91b,0.6431,여성,65,고졸 이하,울산,60-69,무직,1,2>1,3,5>5>5,4>4>4,5>5>5,3,4,2,1>2>9,27>34>35,56>57>68,1>27>34,1,3,2,0,8,요즘 날씨가 너무 덥고 추워져서 오래된 아파트 전기 시설이 감당을 못해 화재가 날까 봐 제일 겁나요. 그리고 미세먼지 때문에 창문도 못 열고 사는 것도 큰 위험인 것 같아요.
27746e8f9b2e4151828ff99c2b080895,0.7691,남성,49,대학교 졸업,대전,40-49,철도 기관사,2,2>3,3,5>5>4,4>4>3,5>5>5,3,5,2,2>9>13,31>34>29,56>57>59,31>2>34,1,4,1,4,,최근 기후 변화로 인한 집중호우가 예측 범위를 벗어나 도시 기능을 마비시키는 경우가 잦아 우려됩니다. 또한 철도와 같은 국가 핵심 인프라가 IT 기술과 결합되면서 사이버 공격이나 전산 오류 같은 보안 위협이 새로운 재난 형태로 대두될 것 같습니다.
dccdde133dfa4d2f876d9137d608a0d2,0.5873,남성,39,대학교 졸업,부산,30-39,사무 보조원,2,3>2,3,5>5>5,4>4>4,5>5>5,3,5,2,1>2>14,27>51>34,56>57>61,1>27>51,1,4,1,3,,기후변화로 인한 예측 불가능한 폭우와 폭염이 건강과 주거 안전을 위협할 것 같습니다. 또한 고령화로 인한 노인 돌봄 공백과 보이스피싱 같은 지능형 범죄도 사회적 재난으로 관리되어야 한다고 생각합니다.
a620e231eb584104bbfcd51df81d001c,1.7663,남성,61,고졸 이하,경기,60-69,무직,2,2>4,3,4>4>4,3>3>3,4>4>4,3,4,2,1>2>10,34>27>29,56>57>67,34>1>27,1,3,2,,8,오래된 주택과 도로 시설이 무너지거나 고장 나는 사고가 점점 많아질 것 같아 우려됩니다. 또한 요즘은 스마트폰을 이용한 보이스피싱 같은 범죄가 기술을 악용해 노인들을 속이는 데 더 위험하게 쓰이는 것 같습니다.
e42793bf03ae4e2cbe12d9b6e2b1db75,0.9458,남성,27,대학교 졸업,충남,19-29,일반 비서,2,4>3,3,5>5>5,4>4>4,5>5>5,3,4,2,1>14>9,27>29>34,56>59>61,1>27>29,1,3,2,,4,저처럼 1인 가구가 많아지다 보니 집안에서의 안전사고나 긴급 상황 때 외부 도움을 받기 힘든 게 제일 위험한 것 같습니다. 또 당뇨병 환자로서 기후 변화로 인한 폭염이나 한파 같은 극한 기상이 건강에 미치는 영향도 심각한 재난이라고 생각합니다.
13b2238c355548e5ba70c9206b8037e9,0.8784,남성,60,고졸 이하,대구,60-69,무직,2,2>1,3,5>5>4,3>3>3,4>4>4,2,4,2,9>2>1,34>35>29,57>56>58,34>9>35,1,3,2,,8,"동네가 낡아서 전기나 가스 설비 노후화로 인한 화재가 걱정되고, 요즘 같은 폭염에는 냉방비 부담도 크고 건강도 해칠까 봐 겁납니다."
1df0681b0b4e46ee8b6aa9a146b76a2e,1.1815,남성,32,대학교 졸업,서울,30-39,지게차 운전원,3,4>3,3,5>5>5,4>4>4,5>5>5,3,4,2,2>14>9,29>32>34,63>56>58,29>34>63,1,4,2,,8,"최근 생활 곳곳에 배달 로봇이나 자율주행 장비가 늘어나는데, 시스템 오류로 인한 사고나 통신 장애 발생 시 혼란이 예상됩니다. 또한 기후 변화로 인한 예측 불가능한 국지성 호우가 지하철이나 반지하 주거지 등 도시 기반 시설에 미칠 영향도 우려됩니다."
8452c1299d384c23a8dc677f52e0147b,0.8217,남성,48,대학교 졸업,대구,40-49,철도교통 관제사,4,2>3,3,5>5>5,4>4>4,5>5>5,3,5,2,1>13>2,31>34>27,56>57>58,31>34>13,3,4,1,4,,"철도 및 생활 기반 시설의 노후화에 따른 시설물 사고, 그리고 스마트 관제 시스템 등 주요 사회 인프라에 대한 사이버 테러 위협이 잠재적 위험요인이라고 생각합니다."
db5c42b9c15b4685b48d89badcb1ffdc,1.8155,남성,43,대학교 졸업,경기,40-49,육군 부사관,2,4>2,3,5>5>5,4>4>4,5>5>5,3,5,2,1>2>9,34>27>29,56>58>57,34>1>27,1,4,1,12,0,"거주하는 아파트 단지가 노후화되면서 건물 내외부의 시설물 관리에 따른 사고 위험이 점차 커지고 있다고 느낍니다. 또한, 우리 일상에 깊숙이 들어온 정보통신 기술의 발달로 인한 사이버 테러나 개인정보 유출 같은 디지털 재난도 선제적으로 관리해야 할 잠재적 위험요인이라고 생각합니다."
56fbb8ad5354404db81683e4e3582faf,1.5143,남성,62,고졸 이하,서울,60-69,커피 조리사,2,2>3,3,5>5>5,4>4>4,5>5>5,3,4,2,1>2>9,34>27>29,56>57>58,34>2>27,1,3,2,,8,"날씨가 갈수록 예측하기 힘들어져서 갑자기 쏟아지는 비나 폭우 같은 기상 이변이 걱정됩니다. 또한 혼자 살다 보니 가스나 전기로 인한 화재, 그리고 요즘 많이 일어나는 금융 사이버 범죄 같은 사회적 위험도 크게 느껴집니다."
662feb8bb4544b5a9324517252790e26,0.8518,남성,66,대학원 졸업,경북,60-69,금속공학 기술자 및 연구원,4,2>3,4,5>5>5,4>4>4,5>5>5,3,5,1,14>1>2,34>35>38,63>57>56,14>34>63,1,3,2,,1,장기간 가동된 산업 시설들의 노후화로 인한 대형 화재나 유해 화학 물질 누출 사고의 잠재적 위험이 큽니다. 또한 기후 변화로 인해 태풍의 강도가 세지고 있어 해안 지역인 우리 포항의 방재 시설도 더 고도화되어야 한다고 생각합니다.
5ee4e6fa819f44339f1315e3f21ea3d7,1.2104,여성,51,대학교 졸업,충남,50-59,커피 및 차류 제조기 조작원,2,3>2,3,5>5>4,4>4>4,5>5>5,4,4,2,1>2>13,34>35>27,63>57>56,63>34>1,1,3,2,,17,"공장 기계들이 점점 스마트해지다 보니, 갑자기 고장 났을 때 우리 같은 현장 사람들이 감당하기 힘든 큰 사고로 이어질까 봐 걱정됩니다. 그리고 요즘처럼 날씨가 너무 더워지거나 추워지면 농사나 공장 가동에 큰 타격이 올 것 같은데 이걸 재난으로 관리해야 하지 않을까 싶어요."
d81b0304a4a640ec870a779cdd1413f2,0.6007,여성,45,대학원 졸업,울산,40-49,마케팅 전문가,3,3>2,3,5>5>5,4>4>4,5>5>5,3,5,2,1>2>13,40>38>27,57>56>60,1>40>57,1,3,2,,10,"급격한 기후 변화로 인한 태풍과 폭염 등 이상 기후가 노후된 주거 환경에 미치는 영향, 그리고 미세먼지와 같은 환경오염이 건강에 미치는 장기적인 위험이 잠재적 위험요인이라고 생각합니다."
e4e791142364427f82e2bf05747a0810,0.6819,남성,69,고졸 이하,강원,60-69,농업 단순 종사원,2,2>3,3,5>5>5,3>3>3,4>4>5,3,4,2,1>2>13,33>27>34,62>68>57,1>2>33,1,4,1,15,,"요즘은 계절이 제때 오지 않아서 폭설이나 폭우 같은 기상 이변이 자주 발생하는데, 이게 우리 농가들한테는 가장 큰 재난이 될 것 같습니다. 그리고 마을에 늙은이들만 남아서 혼자 일하다가 다치는 사고도 많으니까 이런 농촌의 안전사고에도 더 관심을 가져줬으면 좋겠습니다."
0c6b5d7baa22429285560ce8b4fbc0c8,1.6841,여성,41,고졸 이하,서울,40-49,교육 및 훈련 사무원,2,3>2,3,5>5>4,4>4>3,5>5>4,3,5,2,2>9>14,34>27>51,57>56>60,34>2>27,1,3,2,,8,성동구처럼 노후된 단독주택이 밀집한 곳은 가스 배관 노후화나 전기 합선으로 인한 화재 위험이 항상 걱정됩니다. 또한 IT 교육 일을 하다 보니 기술이 발달할수록 지능형 보이스피싱 같은 범죄가 교묘해져서 이것도 재난 차원에서 관리가 필요하다고 생각합니다.
d2a91cb887cd462293420305a29d8b8e,0.6819,남성,61,고졸 이하,강원,60-69,무직,2,2>3,3,5>5>5,4>4>4,5>5>5,3,5,1,1>2>13,34>35>29,56>57>60,34>1>56,1,4,1,4,,요즘 날씨가 예전 같지 않아서 여름철에 장마가 오면 산사태나 침수가 날까 봐 항상 마음 쓰입니다. 또 우리 아파트가 지어진 지도 오래돼서 전기 합선이나 가스 누출로 인한 화재 사고가 나지 않을까 하는 것이 잠재적인 위험인 것 같습니다.
0badb1b8976645a5b7a995aebce36f3f,1.7742,여성,65,고졸 이하,경기,60-69,무직,2,2>1,3,5>5>5,4>4>4,5>5>5,3,4,2,2>1>9,27>34>51,56>68>57,27>34>2,1,4,1,4,,요즘 날씨가 예전 같지 않아서 갑작스러운 폭우나 무더위가 큰 걱정입니다. 그리고 우리 같은 어르신들이 혼자 살거나 다니다가 사고를 당하는 일도 많아져서 이것도 위험한 요인이라고 생각합니다.
9ac38ff04497466c8ec3587255ee3700,1.0627,여성,34,대학교 졸업,서울,30-39,시스템 소프트웨어 프로그래머,2,3>2,3,5>5>4,4>4>3,4>5>4,2,4,1,2>14>9,51>27>34,56>57>58,51>2>27,1,4,1,4,,"인공지능을 활용한 재난 예측 시스템의 오작동 가능성과, 에너지 및 통신 기반시설에 대한 대규모 사이버 테러가 잠재적 위험요인이라고 생각합니다. 기술이 발전할수록 시스템의 복잡성으로 인한 예기치 못한 돌발 상황이 오히려 증폭될 수 있기 때문입니다."
97947e3a883d42679fcce859019bc2c0,0.7691,남성,46,대학원 졸업,대전,40-49,범용 소프트웨어 프로그래머,4,3>5,3,5>5>5,4>4>4,5>5>5,3,5,2,1>2>9,51>50>27,63>56>57,51>27>1,1,4,1,4,,급격한 기술 변화 속에서 제때 업데이트되지 못한 산업용 레거시 소프트웨어와 제어 시스템의 호환성 문제로 인한 대형 사고 위험이 증가하고 있습니다.
4958721c5c23468d839cf53907a41219,0.3525,여성,62,고졸 이하,제주,60-69,수동 포장원,1,2>3,3,5>5>5,4>4>4,5>5>5,3,4,2,1>2>4,27>34>29,57>56>58,1>27>34,1,3,2,,1,오래된 집이라 큰 비가 내리거나 태풍이 불 때마다 지붕이 날아가거나 물이 찰까 봐 무섭습니다. 그리고 혼자 살다가 갑자기 아프거나 다쳤을 때 아무도 모를까 봐 그것도 큰 위험인 것 같아요.
6a3d3501d6744c0682e7dd2fbdfd2023,0.9102,남성,56,대학교 졸업,충남,50-59,무직,2,2>3,3,5>5>5,4>4>4,5>5>4,3,4,2,13>1>2,34>27>29,57>56>58,34>13>1,1,4,1,15,0,"노후화된 주택의 전기나 가스 시설로 인한 화재 위험, 그리고 기후 변화로 인해 예측하기 힘든 국지성 집중호우가 잠재적인 위험요인이라고 생각합니다."
6fe3776f5b2e4b3da56f1d64cf6d166b,0.6779,여성,69,고졸 이하,강원,60-69,무직,1,2>1,3,5>5>5,4>4>4,5>5>5,3,4,2,1>2>13,34>27>42,56>57>68,1>34>27,1,4,1,15,0,"요즘 스마트폰을 이용한 보이스피싱 같은 범죄가 기술이 발전할수록 더 교묘해져서, 우리 같은 어르신들이 속쉽게 당할까 봐 무섭습니다. 또한 날씨가 예전 같지 않고 갑자기 변해서 건강 관리가 힘들어지는 것도 새로운 위험인 것 같습니다."
0fab34fa59504293ac7256459dc53069,1.0769,여성,60,고졸 이하,부산,60-69,무직,2,2>3,3,5>5>5,4>4>4,5>5>5,3,5,1,1>2>9,27>34>29,56>57>68,1>27>34,1,4,1,13,,"요즘 스마트폰을 이용한 보이스피싱 같은 사이버 범죄가 기승을 부려서 노인들이 많이 피해를 보는 점이 걱정됩니다. 그리고 살고 있는 아파트가 노후화되어 가고 있어서, 혹시라도 대형 화재가 발생하거나 지진이 올 경우 안전할지 항상 마음이 쓰입니다."
414b01696f7f4c779665405a62738091,1.6820,여성,68,고졸 이하,서울,60-69,무직,2,2>4,3,5>5>5,4>4>4,5>5>5,3,5,2,1>2>9,27>34>42,56>57>64,34>27>1,1,3,1,4,0,"날씨가 예전 같지 않고 무더위나 한파가 심해져 건강 관리가 걱정되고, 우리가 사는 낡은 아파트라 화재나 가스 누출 같은 생활 속 사고가 가장 위험하게 느껴집니다."
5829ae64a6d643c59dd5a14783836f6a,0.7190,여성,25,대학교 졸업,대전,19-29,소규모 상점 일선 관리 종사원,2,4>3,3,4>4>5,3>3>4,4>4>4,3,4,2,1>2>9,27>34>39,56>57>60,27>1>34,1,4,1,4,,기후 변화로 인한 예측 불가능한 폭우와 폭염이 점점 심각해지는 것 같아 걱정됩니다. 또한 최근 AI 기술 발달로 인한 딥페이크나 보이스피싱 같은 범죄가 일상생활의 큰 위협이 되고 있다고 생각합니다.
f424577df8e44bd8ab0e8a634b105fa6,0.7238,남성,23,대학교 졸업,광주,19-29,통신장비 기사,2,3>4,3,4>5>4,3>4>3,4>5>4,3,4,2,2>1>13,51>52>34,56>57>58,2>51>34,1,3,1,15,,"요즘 인공지능 기술이 발달해서 가짜 뉴스나 보이스피싱 같은 사이버 범죄가 실제 재난처럼 사회적 혼란을 일으킬 수 있다고 생각합니다. 또한 기후 변화로 인해 예측 불가능한 집중호우가 자주 발생하는데, 특히 오래된 주거지의 지하 시설이나 배수로가 이를 감당하지 못할까 봐 걱정됩니다."
a3384e05336746699029608a35af3076,0.9968,남성,65,고졸 이하,경남,60-69,무직,2,2>1,3,5>5>4,4>4>4,4>4>5,3,4,2,2>1>13,27>34>39,56>68>57,27>2>34,1,4,1,4,,요즘 날씨가 너무 이상해서 예전엔 없던 갑작스런 폭우나 폭염 때문에 큰 사고가 날까 봐 걱정됩니다. 그리고 우리 같은 어르신들이 스마트폰을 잘 몰라서 당하는 보이스피싱이나 사이버 사기 같은 것도 재난처럼 관리가 필요하다고 생각합니다.
ede669b7fbf945c298f62574f56d2fc6,0.8518,남성,68,고졸 이하,경북,60-69,무직,2,2>1,3,5>5>5,4>4>4,5>5>5,3,5,2,1>2>9,34>29>27,56>57>58,1>34>29,1,4,1,4,,"요즘 날씨가 너무 변덕스러워서 갑자기 쏟아지는 폭우로 인한 산사태나 침수가 제일 걱정됩니다. 그리고 차도 많아지고 나이도 들어서 그런지, 도로에서의 교통사고 같은 것도 은근히 위험하게 느껴집니다."
bd07b052789f43228daa671cda17c827,0.7610,남성,21,대학교 졸업,전북,19-29,법률 관리자,2,3>4,3,4>4>4,3>3>3,4>4>4,3,4,2,1>2>9,34>51>27,56>57>60,34>1>51,1,4,1,4,,"최근 AI 기술이 발전하면서 딥페이크나 보이스피싱 같은 범죄가 점점 정교해져서 일반인이 대처하기 힘든 위협이 되고 있는 것 같습니다. 또한, 기후 변화로 인해 예측하기 힘든 국지성 호우가 도심에서 자주 발생하여 침수 피해가 우려됩니다."
cebd1bc19e414d46bd5b9de6e02b5285,0.9468,여성,59,고졸 이하,인천,50-59,음료 서비스 종사원,2,2>3,3,5>5>5,4>4>4,5>5>5,3,5,2,1>9>2,27>38>29,64>56>57,27>1>38,1,3,2,,9,"요즘 날씨가 너무 덥고 예측하기 힘들어서 폭염이나 집중호우 같은 기상재난이 더 심해질 것 같아 걱정됩니다. 그리고 요즘 스마트폰으로 보이스피싱 전화가 많이 오는데, 이런 범죄도 재난처럼 위험해서 미리 방지하는 기술이 필요해 보입니다."
